index,topic,level_1,level_2,.hpp,struct,msg_type,topic_num
1,TBD,common_msgs,msg,speed_point,SpeedPoint,common_msgs/msg/SpeedPoint,0
2,TBD,common_msgs,msg,com_header,ComHeader,common_msgs/msg/ComHeader,0
3,TBD,common_msgs,msg,point3_d,Point3D,common_msgs/msg/Point3D,0
4,TBD,common_msgs,msg,frenet_frame_point,FrenetFramePoint,common_msgs/msg/FrenetFramePoint,0
5,TBD,common_msgs,msg,time_stamp,TimeStamp,common_msgs/msg/TimeStamp,0
6,TBD,common_msgs,msg,point2_f,Point2F,common_msgs/msg/Point2F,0
7,TBD,common_msgs,msg,point2_d,Point2D,common_msgs/msg/Point2D,0
8,TBD,common_msgs,msg,clothoid_model,ClothoidModel,common_msgs/msg/ClothoidModel,0
9,TBD,common_msgs,msg,action,Action,common_msgs/msg/Action,0
10,TBD,common_msgs,msg,two_df_pose,TwoDFPose,common_msgs/msg/TwoDFPose,0
11,TBD,common_msgs,msg,point3_f,Point3F,common_msgs/msg/Point3F,0
12,TBD,common_msgs,msg,attitude,Attitude,common_msgs/msg/Attitude,0
13,TBD,common_msgs,msg,slt_point,SLTPoint,common_msgs/msg/SLTPoint,0
14,TBD,common_msgs,msg,sl_point,SLPoint,common_msgs/msg/SLPoint,0
15,TBD,proto_horizon_msgs,msg,obstacle_circle,ObstacleCircle,proto_horizon_msgs/msg/ObstacleCircle,0
16,TBD,proto_horizon_msgs,msg,parking_rod_info,ParkingRodInfo,proto_horizon_msgs/msg/ParkingRodInfo,0
17,TBD,proto_horizon_msgs,msg,objects,Objects,proto_horizon_msgs/msg/Objects,4
18,TBD,proto_horizon_msgs,msg,parking_lock_info,ParkingLockInfo,proto_horizon_msgs/msg/ParkingLockInfo,0
19,TBD,proto_horizon_msgs,msg,vision_construction_zone,VisionConstructionZone,proto_horizon_msgs/msg/VisionConstructionZone,0
20,TBD,proto_horizon_msgs,msg,camera_para,CameraPara,proto_horizon_msgs/msg/CameraPara,0
21,TBD,proto_horizon_msgs,msg,lines,Lines,proto_horizon_msgs/msg/Lines,3
22,TBD,proto_horizon_msgs,msg,object_angle,ObjectAngle,proto_horizon_msgs/msg/ObjectAngle,0
23,TBD,proto_horizon_msgs,msg,parking_object_item,ParkingObjectItem,proto_horizon_msgs/msg/ParkingObjectItem,0
24,TBD,proto_horizon_msgs,msg,extra_points,ExtraPoints,proto_horizon_msgs/msg/ExtraPoints,0
25,TBD,proto_horizon_msgs,msg,obstacle,Obstacle,proto_horizon_msgs/msg/Obstacle,0
26,TBD,proto_horizon_msgs,msg,parsing,Parsing,proto_horizon_msgs/msg/Parsing,0
27,TBD,proto_horizon_msgs,msg,ihbc,IHBC,proto_horizon_msgs/msg/IHBC,0
28,TBD,proto_horizon_msgs,msg,odometry,Odometry,proto_horizon_msgs/msg/Odometry,0
29,TBD,proto_horizon_msgs,msg,light_source,LightSource,proto_horizon_msgs/msg/LightSource,0
30,TBD,proto_horizon_msgs,msg,obj_corner_point,ObjCornerPoint,proto_horizon_msgs/msg/ObjCornerPoint,0
31,TBD,proto_horizon_msgs,msg,parking_boundary_info,ParkingBoundaryInfo,proto_horizon_msgs/msg/ParkingBoundaryInfo,0
32,TBD,proto_horizon_msgs,msg,fus_lines,FusLines,proto_horizon_msgs/msg/FusLines,0
33,TBD,proto_horizon_msgs,msg,camera_out_param,CameraOutParam,proto_horizon_msgs/msg/CameraOutParam,0
34,TBD,proto_horizon_msgs,msg,ndm_polygon,NdmPolygon,proto_horizon_msgs/msg/NdmPolygon,0
35,TBD,proto_horizon_msgs,msg,image_space_info,ImageSpaceInfo,proto_horizon_msgs/msg/ImageSpaceInfo,0
36,TBD,proto_horizon_msgs,msg,box3_d,Box3D,proto_horizon_msgs/msg/Box3D,0
37,TBD,proto_horizon_msgs,msg,accelerate,Accelerate,proto_horizon_msgs/msg/Accelerate,0
38,TBD,proto_horizon_msgs,msg,camera_extrinsic,CameraExtrinsic,proto_horizon_msgs/msg/CameraExtrinsic,0
39,TBD,proto_horizon_msgs,msg,rect,Rect,proto_horizon_msgs/msg/Rect,0
40,TBD,proto_horizon_msgs,msg,fus_line,FusLine,proto_horizon_msgs/msg/FusLine,0
41,TBD,proto_horizon_msgs,msg,slots,Slots,proto_horizon_msgs/msg/Slots,1
42,TBD,proto_horizon_msgs,msg,contour_point,ContourPoint,proto_horizon_msgs/msg/ContourPoint,0
43,TBD,proto_horizon_msgs,msg,matched_object_info,MatchedObjectInfo,proto_horizon_msgs/msg/MatchedObjectInfo,0
44,TBD,proto_horizon_msgs,msg,object_attr,ObjectAttr,proto_horizon_msgs/msg/ObjectAttr,0
45,TBD,proto_horizon_msgs,msg,freespaces,Freespaces,proto_horizon_msgs/msg/Freespaces,3
46,TBD,proto_horizon_msgs,msg,line,Line,proto_horizon_msgs/msg/Line,0
47,TBD,proto_horizon_msgs,msg,polygon,Polygon,proto_horizon_msgs/msg/Polygon,0
48,TBD,proto_horizon_msgs,msg,category,Category,proto_horizon_msgs/msg/Category,0
49,TBD,proto_horizon_msgs,msg,ndm_point,NdmPoint,proto_horizon_msgs/msg/NdmPoint,0
50,TBD,proto_horizon_msgs,msg,world_space_info,WorldSpaceInfo,proto_horizon_msgs/msg/WorldSpaceInfo,0
51,TBD,proto_horizon_msgs,msg,object_item,ObjectItem,proto_horizon_msgs/msg/ObjectItem,0
52,TBD,proto_horizon_msgs,msg,obstacles,Obstacles,proto_horizon_msgs/msg/Obstacles,3
53,TBD,proto_horizon_msgs,msg,parking_pose_info,ParkingPoseInfo,proto_horizon_msgs/msg/ParkingPoseInfo,0
54,TBD,proto_horizon_msgs,msg,point_i,PointI,proto_horizon_msgs/msg/PointI,0
55,TBD,proto_horizon_msgs,msg,parking_slot_attr,ParkingSlotAttr,proto_horizon_msgs/msg/ParkingSlotAttr,0
56,TBD,proto_horizon_msgs,msg,vision_construction_zones,VisionConstructionZones,proto_horizon_msgs/msg/VisionConstructionZones,0
57,TBD,proto_horizon_msgs,msg,work_condition,WorkCondition,proto_horizon_msgs/msg/WorkCondition,1
58,TBD,proto_horizon_msgs,msg,curve_line,CurveLine,proto_horizon_msgs/msg/CurveLine,0
59,TBD,proto_horizon_msgs,msg,obs_velocity,ObsVelocity,proto_horizon_msgs/msg/ObsVelocity,0
60,TBD,proto_horizon_msgs,msg,parking_object_attr,ParkingObjectAttr,proto_horizon_msgs/msg/ParkingObjectAttr,0
61,TBD,proto_horizon_msgs,msg,parking_occupy_info,ParkingOccupyInfo,proto_horizon_msgs/msg/ParkingOccupyInfo,0
62,TBD,proto_horizon_msgs,msg,camera_intrinsic,CameraIntrinsic,proto_horizon_msgs/msg/CameraIntrinsic,0
63,TBD,plan_algo_msgs,msg,trajectory_quintic,TrajectoryQuintic,plan_algo_msgs/msg/TrajectoryQuintic,0
64,TBD,plan_algo_msgs,msg,pl_trajectory_point,PLTrajectoryPoint,plan_algo_msgs/msg/PLTrajectoryPoint,0
65,TBD,plan_algo_msgs,msg,planning_data,PlanningData,plan_algo_msgs/msg/PlanningData,1
66,TBD,plan_algo_msgs,msg,planning_trajectory,PlanningTrajectory,plan_algo_msgs/msg/PlanningTrajectory,0
67,TBD,uss_msgs,msg,upc_uss_raw,UpcUssRaw,uss_msgs/msg/UpcUssRaw,2
68,TBD,uss_msgs,msg,hat_pt,HatPt,uss_msgs/msg/HatPt,0
69,TBD,uss_msgs,msg,hat_uss_pack,HatUssPack,uss_msgs/msg/HatUssPack,0
70,TBD,uss_msgs,msg,upcod_obs_list,UpcodObsList,uss_msgs/msg/UpcodObsList,2
71,TBD,uss_msgs,msg,hat_uod_obs_list,HatUodObsList,uss_msgs/msg/HatUodObsList,0
72,TBD,uss_msgs,msg,upc_uss_pas,UpcUssPas,uss_msgs/msg/UpcUssPas,2
73,TBD,uss_msgs,msg,vhm,Vhm,uss_msgs/msg/Vhm,2
74,TBD,uss_msgs,msg,hat_uod_rt_obs_pts,HatUodRtObsPts,uss_msgs/msg/HatUodRtObsPts,0
75,TBD,uss_msgs,msg,hat_uod_obs,HatUodObs,uss_msgs/msg/HatUodObs,0
76,TBD,uss_msgs,msg,upc_parking_slots,UPCParkingSlots,uss_msgs/msg/UPCParkingSlots,2
77,TBD,uss_msgs,msg,hat_v_pose,HatVPose,uss_msgs/msg/HatVPose,0
78,TBD,uss_msgs,msg,upc_slots_list,UPCSlotsList,uss_msgs/msg/UPCSlotsList,0
79,TBD,uss_msgs,msg,uss_status,UssStatus,uss_msgs/msg/UssStatus,2
80,TBD,uss_msgs,msg,upcod_obs,UpcodObs,uss_msgs/msg/UpcodObs,0
81,TBD,uss_msgs,msg,hat_uod_out_info,HatUodOutInfo,uss_msgs/msg/HatUodOutInfo,0
9959,TBD,sd2hd_msgs,msg,sd_navi_sts_info,SDNaviStsInfo,sd2hd_msgs/msg/SDNaviStsInfo,0
9960,TBD,sd2hd_msgs,msg,navi_device_uuid,NaviDeviceUUID,sd2hd_msgs/msg/NaviDeviceUUID,0
9961,TBD,sd2hd_msgs,msg,sd_navi_link_info,SDNaviLinkInfo,sd2hd_msgs/msg/SDNaviLinkInfo,0
9962,TBD,proto_gateway_msgs,msg,vcim_remote_req_ret,VcimRemoteReqRet,proto_gateway_msgs/msg/VcimRemoteReqRet,0
9963,TBD,proto_gateway_msgs,msg,vcim_remote_req,VcimRemoteReq,proto_gateway_msgs/msg/VcimRemoteReq,0
9964,TBD,proto_gateway_msgs,msg,vcim_local_req_ret,VcimLocalReqRet,proto_gateway_msgs/msg/VcimLocalReqRet,0
9965,TBD,proto_gateway_msgs,msg,time_gap_data,TimeGapData,proto_gateway_msgs/msg/TimeGapData,0
9966,TBD,proto_gateway_msgs,msg,vcim_local_req,VcimLocalReq,proto_gateway_msgs/msg/VcimLocalReq,0
9967,TBD,proto_gateway_msgs,msg,vcim_remote_req_resp,VcimRemoteReqResp,proto_gateway_msgs/msg/VcimRemoteReqResp,0
9968,TBD,proto_gateway_msgs,msg,life_cycle_info,LifeCycleInfo,proto_gateway_msgs/msg/LifeCycleInfo,0
9969,TBD,proto_gateway_msgs,msg,psl_info,PSLInfo,proto_gateway_msgs/msg/PSLInfo,0
9970,TBD,proto_gateway_msgs,msg,vcim_local_req_resp,VcimLocalReqResp,proto_gateway_msgs/msg/VcimLocalReqResp,2
9971,TBD,diag_service_msgs,msg,diag_events_mask,DiagEventsMask,diag_service_msgs/msg/DiagEventsMask,0
9972,TBD,diag_service_msgs,msg,diag_read_did_response,DiagReadDidResponse,diag_service_msgs/msg/DiagReadDidResponse,0
9973,TBD,diag_service_msgs,msg,diag_exception,DiagException,diag_service_msgs/msg/DiagException,0
9974,TBD,diag_service_msgs,msg,lidar_cal_receiver,LidarCalReceiver,diag_service_msgs/msg/LidarCalReceiver,0
9975,TBD,diag_service_msgs,msg,diag_generic_command,DiagGenericCommand,diag_service_msgs/msg/DiagGenericCommand,7
9976,TBD,diag_service_msgs,msg,diag_event_dsc,DiagEventDsc,diag_service_msgs/msg/DiagEventDsc,0
9977,TBD,diag_service_msgs,msg,camera_cal_result,CameraCalResult,diag_service_msgs/msg/CameraCalResult,0
9978,TBD,diag_service_msgs,msg,diag_vehicle_command,DiagVehicleCommand,diag_service_msgs/msg/DiagVehicleCommand,0
9979,TBD,diag_service_msgs,msg,camera_cal_info,CameraCalInfo,diag_service_msgs/msg/CameraCalInfo,0
9980,TBD,diag_service_msgs,msg,diag_cal_result,DiagCalResult,diag_service_msgs/msg/DiagCalResult,2
9981,TBD,diag_service_msgs,msg,diag_cal_command,DiagCalCommand,diag_service_msgs/msg/DiagCalCommand,2
9982,TBD,diag_service_msgs,msg,diag_cal_header,DiagCalHeader,diag_service_msgs/msg/DiagCalHeader,0
9983,TBD,diag_service_msgs,msg,diag_cal_receiver,DiagCalReceiver,diag_service_msgs/msg/DiagCalReceiver,1
9984,TBD,diag_service_msgs,msg,diag_command,DiagCommand,diag_service_msgs/msg/DiagCommand,0
9985,TBD,diag_service_msgs,msg,diag_camera_cal_command,DiagCameraCalCommand,diag_service_msgs/msg/DiagCameraCalCommand,0
9986,TBD,diag_service_msgs,msg,diag_dtc_notify,DiagDtcNotify,diag_service_msgs/msg/DiagDtcNotify,0
9987,TBD,diag_service_msgs,msg,diag_cal_sender,DiagCalSender,diag_service_msgs/msg/DiagCalSender,1
9988,TBD,diag_service_msgs,msg,diag_service_heartbeat,DiagServiceHeartbeat,diag_service_msgs/msg/DiagServiceHeartbeat,0
9989,TBD,diag_service_msgs,msg,diag_read_did_notify,DiagReadDidNotify,diag_service_msgs/msg/DiagReadDidNotify,0
9990,TBD,diag_service_msgs,msg,diag_write_did,DiagWriteDid,diag_service_msgs/msg/DiagWriteDid,0
9991,TBD,diag_service_msgs,msg,diag_camera_condition_notify,DiagCameraConditionNotify,diag_service_msgs/msg/DiagCameraConditionNotify,0
9992,TBD,diag_service_msgs,msg,diag_response,DiagResponse,diag_service_msgs/msg/DiagResponse,0
9993,TBD,diag_service_msgs,msg,diag_itc_notify,DiagItcNotify,diag_service_msgs/msg/DiagItcNotify,1
9994,TBD,diag_service_msgs,msg,diag_vehicle_signal_rep,DiagVehicleSignalRep,diag_service_msgs/msg/DiagVehicleSignalRep,0
9995,TBD,diag_service_msgs,msg,lidar_cal_sender,LidarCalSender,diag_service_msgs/msg/LidarCalSender,0
9996,TBD,diag_service_msgs,msg,diag_exception_set,DiagExceptionSet,diag_service_msgs/msg/DiagExceptionSet,1
9997,TBD,plugin_msgs,msg,problem_record,ProblemRecord,plugin_msgs/msg/ProblemRecord,0
9998,TBD,parking_occupancy_map_msgs,msg,occ_meta_data,OccMetaData,parking_occupancy_map_msgs/msg/OccMetaData,0
9999,TBD,parking_occupancy_map_msgs,msg,occ_grid,OccGrid,parking_occupancy_map_msgs/msg/OccGrid,0
10000,TBD,cus_app_msgs,msg,free_space_list_type,FreeSpaceListType,cus_app_msgs/msg/FreeSpaceListType,0
10001,TBD,cus_app_msgs,msg,hmi,Hmi,cus_app_msgs/msg/Hmi,0
10002,TBD,cus_app_msgs,msg,parking_spc_info_struct_es33,ParkingSpcInfoStructES33,cus_app_msgs/msg/ParkingSpcInfoStructES33,0
10003,TBD,cus_app_msgs,msg,hmi_es33,HmiES33,cus_app_msgs/msg/HmiES33,1
10004,TBD,cus_app_msgs,msg,lck_debug_data,LckDebugData,cus_app_msgs/msg/LckDebugData,0
10005,TBD,cus_app_msgs,msg,static_element_struct,StaticElementStruct,cus_app_msgs/msg/StaticElementStruct,0
10006,TBD,cus_app_msgs,msg,obs_avdance_trck_info,ObsAvdanceTrckInfo,cus_app_msgs/msg/ObsAvdanceTrckInfo,0
10007,TBD,cus_app_msgs,msg,traffic_control_struct,TrafficControlStruct,cus_app_msgs/msg/TrafficControlStruct,0
10008,TBD,cus_app_msgs,msg,parking_sm_dbg_data,ParkingSmDbgData,cus_app_msgs/msg/ParkingSmDbgData,0
10009,TBD,cus_app_msgs,msg,state_machine,StateMachine,cus_app_msgs/msg/StateMachine,0
10010,TBD,cus_app_msgs,msg,traffic_participant_struct,TrafficParticipantStruct,cus_app_msgs/msg/TrafficParticipantStruct,0
10011,TBD,cus_app_msgs,msg,guideline_type2,GuidelineType2,cus_app_msgs/msg/GuidelineType2,0
10012,TBD,cus_app_msgs,msg,alc_trajectory_point,AlcTrajectoryPoint,cus_app_msgs/msg/AlcTrajectoryPoint,0
10013,TBD,cus_app_msgs,msg,static_obj_vertex_list,StaticObjVertexList,cus_app_msgs/msg/StaticObjVertexList,0
10014,TBD,cus_app_msgs,msg,parking_hmi_output,ParkingHMIOutput,cus_app_msgs/msg/ParkingHMIOutput,1
10015,TBD,cus_app_msgs,msg,wheel_stopper,WheelStopper,cus_app_msgs/msg/WheelStopper,0
10016,TBD,cus_app_msgs,msg,static_element_list_struct,StaticElementListStruct,cus_app_msgs/msg/StaticElementListStruct,0
10017,TBD,cus_app_msgs,msg,traffic_sign_list_struct,TrafficSignListStruct,cus_app_msgs/msg/TrafficSignListStruct,0
10018,TBD,cus_app_msgs,msg,parking_slot_element_struct_type,ParkingSlotElementStructType,cus_app_msgs/msg/ParkingSlotElementStructType,0
10019,TBD,cus_app_msgs,msg,parking_out_dircn_struct,ParkingOutDircnStruct,cus_app_msgs/msg/ParkingOutDircnStruct,0
10020,TBD,cus_app_msgs,msg,ilc_tos,IlcTos,cus_app_msgs/msg/IlcTos,0
10021,TBD,cus_app_msgs,msg,parking_spc_info_struct,ParkingSpcInfoStruct,cus_app_msgs/msg/ParkingSpcInfoStruct,0
10022,TBD,cus_app_msgs,msg,traffic_marker_list_struct,TrafficMarkerListStruct,cus_app_msgs/msg/TrafficMarkerListStruct,0
10023,TBD,cus_app_msgs,msg,ai_parking_info_struct,AIParkingInfoStruct,cus_app_msgs/msg/AIParkingInfoStruct,0
10024,TBD,cus_app_msgs,msg,road_edge_list_struct,RoadEdgeListStruct,cus_app_msgs/msg/RoadEdgeListStruct,0
10025,TBD,cus_app_msgs,msg,icp_debug_data,IcpDebugData,cus_app_msgs/msg/IcpDebugData,0
10026,TBD,cus_app_msgs,msg,planning_trajectory_info_type,PlanningTrajectoryInfoType,cus_app_msgs/msg/PlanningTrajectoryInfoType,0
10027,TBD,cus_app_msgs,msg,reaction_pattern_of_behavior,ReactionPatternOfBehavior,cus_app_msgs/msg/ReactionPatternOfBehavior,0
10028,TBD,cus_app_msgs,msg,planning_trajectory_element_struct_type,PlanningTrajectoryElementStructType,cus_app_msgs/msg/PlanningTrajectoryElementStructType,0
10029,TBD,cus_app_msgs,msg,parking_slot_struct,ParkingSlotStruct,cus_app_msgs/msg/ParkingSlotStruct,0
10030,TBD,cus_app_msgs,msg,apa_target,ApaTarget,cus_app_msgs/msg/ApaTarget,2
10031,TBD,cus_app_msgs,msg,target_list_struct,TargetListStruct,cus_app_msgs/msg/TargetListStruct,0
10032,TBD,cus_app_msgs,msg,follow_car_info,FollowCarInfo,cus_app_msgs/msg/FollowCarInfo,0
10033,TBD,cus_app_msgs,msg,switch_status,SwitchStatus,cus_app_msgs/msg/SwitchStatus,0
10034,TBD,cus_app_msgs,msg,car_surrounding_occupied,CarSurroundingOccupied,cus_app_msgs/msg/CarSurroundingOccupied,0
10035,TBD,cus_app_msgs,msg,object_struct_list,ObjectStructList,cus_app_msgs/msg/ObjectStructList,0
10036,TBD,cus_app_msgs,msg,traffic_light_list_struct,TrafficLightListStruct,cus_app_msgs/msg/TrafficLightListStruct,0
10037,TBD,cus_app_msgs,msg,intelligent_switch,IntelligentSwitch,cus_app_msgs/msg/IntelligentSwitch,1
10038,TBD,cus_app_msgs,msg,free_space_vertices_list_type,FreeSpaceVerticesListType,cus_app_msgs/msg/FreeSpaceVerticesListType,0
10039,TBD,cus_app_msgs,msg,parking_slot_list_type,ParkingSlotListType,cus_app_msgs/msg/ParkingSlotListType,0
10040,TBD,cus_app_msgs,msg,accurate_feedback_cus,AccurateFeedbackCus,cus_app_msgs/msg/AccurateFeedbackCus,0
10041,TBD,cus_app_msgs,msg,ldp_debug_data,LdpDebugData,cus_app_msgs/msg/LdpDebugData,0
10042,TBD,cus_app_msgs,msg,car_vertex,CarVertex,cus_app_msgs/msg/CarVertex,0
10043,TBD,cus_app_msgs,msg,planning_control_info,PlanningControlInfo,cus_app_msgs/msg/PlanningControlInfo,0
10044,TBD,cus_app_msgs,msg,fct_actuation_request,FctActuationRequest,cus_app_msgs/msg/FctActuationRequest,1
10045,TBD,cus_app_msgs,msg,traffic_obj_list_struct,TrafficObjListStruct,cus_app_msgs/msg/TrafficObjListStruct,0
10046,TBD,cus_app_msgs,msg,lane_list_struct,LaneListStruct,cus_app_msgs/msg/LaneListStruct,0
10047,TBD,cus_app_msgs,msg,vr,Vr,cus_app_msgs/msg/Vr,0
10048,TBD,cus_app_msgs,msg,intlgnt_avd_info,IntlgntAvdInfo,cus_app_msgs/msg/IntlgntAvdInfo,0
10049,TBD,cus_app_msgs,msg,acc_debug,AccDebug,cus_app_msgs/msg/AccDebug,0
10050,TBD,cus_app_msgs,msg,nearest_pts_around_car,NearestPtsAroundCar,cus_app_msgs/msg/NearestPtsAroundCar,0
10051,TBD,cus_app_msgs,msg,planning_trajectory_struct,PlanningTrajectoryStruct,cus_app_msgs/msg/PlanningTrajectoryStruct,0
10052,TBD,cus_app_msgs,msg,lane_struct,LaneStruct,cus_app_msgs/msg/LaneStruct,0
10053,TBD,cus_app_msgs,msg,zop_debug_data,ZopDebugData,cus_app_msgs/msg/ZopDebugData,0
10054,TBD,cus_app_msgs,msg,acc_target_struct,AccTargetStruct,cus_app_msgs/msg/AccTargetStruct,0
10055,TBD,cus_app_msgs,msg,apa_debug_data,ApaDebugData,cus_app_msgs/msg/ApaDebugData,0
10056,TBD,cus_app_msgs,msg,road_egde_struct,RoadEgdeStruct,cus_app_msgs/msg/RoadEgdeStruct,0
10057,TBD,cus_app_msgs,msg,parking_spc_struct,ParkingSpcStruct,cus_app_msgs/msg/ParkingSpcStruct,0
10058,TBD,cus_app_msgs,msg,object_info,ObjectInfo,cus_app_msgs/msg/ObjectInfo,0
10059,TBD,cus_app_msgs,msg,ego_car_status,EgoCarStatus,cus_app_msgs/msg/EgoCarStatus,0
10060,TBD,cus_app_msgs,msg,parking_hmi_output_es33,ParkingHMIOutputES33,cus_app_msgs/msg/ParkingHMIOutputES33,1
10061,TBD,cus_app_msgs,msg,lane_chng_info,LaneChngInfo,cus_app_msgs/msg/LaneChngInfo,0
10062,TBD,cus_app_msgs,msg,fct_data,FctData,cus_app_msgs/msg/FctData,0
10063,TBD,cus_app_msgs,msg,guideline_type1,GuidelineType1,cus_app_msgs/msg/GuidelineType1,0
10064,TBD,cus_app_msgs,msg,lane_struct_list,LaneStructList,cus_app_msgs/msg/LaneStructList,0
10065,TBD,cus_app_msgs,msg,hmi_debug,HmiDebug,cus_app_msgs/msg/HmiDebug,0
10066,TBD,cus_app_msgs,msg,fct_debug,FctDebug,cus_app_msgs/msg/FctDebug,1
10067,TBD,cus_app_msgs,msg,free_space_struct,FreeSpaceStruct,cus_app_msgs/msg/FreeSpaceStruct,0
10068,TBD,cus_app_msgs,msg,ilc_debug_data,IlcDebugData,cus_app_msgs/msg/IlcDebugData,0
10069,TBD,cus_app_msgs,msg,hpp_debug_data,HppDebugData,cus_app_msgs/msg/HppDebugData,0
10070,TBD,em_msgs,msg,traffic_agent,TrafficAgent,em_msgs/msg/TrafficAgent,0
10071,TBD,em_msgs,msg,em_data,EmData,em_msgs/msg/EmData,1
10072,TBD,em_msgs,msg,em_map_per_similiarity_check_info,EmMapPerSimiliarityCheckInfo,em_msgs/msg/EmMapPerSimiliarityCheckInfo,0
10073,TBD,em_msgs,msg,em_cone,EmCone,em_msgs/msg/EmCone,0
10074,TBD,em_msgs,msg,em_dbg_otl_point_container,EmDbgOtlPointContainer,em_msgs/msg/EmDbgOtlPointContainer,0
10075,TBD,em_msgs,msg,lane_boundary_segment,LaneBoundarySegment,em_msgs/msg/LaneBoundarySegment,0
10076,TBD,em_msgs,msg,guide_action,GuideAction,em_msgs/msg/GuideAction,0
10077,TBD,em_msgs,msg,em_dbg_map,EmDbgMap,em_msgs/msg/EmDbgMap,0
10078,TBD,em_msgs,msg,em_dgb_etl_data,EmDgbEtlData,em_msgs/msg/EmDgbEtlData,0
10079,TBD,em_msgs,msg,ref_line_seg_special_situation,RefLineSegSpecialSituation,em_msgs/msg/RefLineSegSpecialSituation,0
10080,TBD,em_msgs,msg,em_cone_cluster,EmConeCluster,em_msgs/msg/EmConeCluster,0
10081,TBD,em_msgs,msg,lane_association,LaneAssociation,em_msgs/msg/LaneAssociation,0
10082,TBD,em_msgs,msg,em_cross_stop_line,EmCrossStopLine,em_msgs/msg/EmCrossStopLine,0
10083,TBD,em_msgs,msg,static_object_attr,StaticObjectAttr,em_msgs/msg/StaticObjectAttr,0
10084,TBD,em_msgs,msg,joint_point_data,JointPointData,em_msgs/msg/JointPointData,0
10085,TBD,em_msgs,msg,em_dbg_lmf_data,EmDbgLmfData,em_msgs/msg/EmDbgLmfData,0
10086,TBD,em_msgs,msg,em_follow_veh_dbg,EmFollowVehDbg,em_msgs/msg/EmFollowVehDbg,0
10087,TBD,em_msgs,msg,scenario_classification_data,ScenarioClassificationData,em_msgs/msg/ScenarioClassificationData,0
10088,TBD,em_msgs,msg,em_dbg_pre_pro_objs,EmDbgPreProObjs,em_msgs/msg/EmDbgPreProObjs,0
10089,TBD,em_msgs,msg,static_object_data,StaticObjectData,em_msgs/msg/StaticObjectData,0
10090,TBD,em_msgs,msg,ref_line_seg_is_in_intersection,RefLineSegIsInIntersection,em_msgs/msg/RefLineSegIsInIntersection,0
10091,TBD,em_msgs,msg,lmf_lane,LmfLane,em_msgs/msg/LmfLane,0
10092,TBD,em_msgs,msg,em_adapter_h_dmap_data,EmAdapterHDmapData,em_msgs/msg/EmAdapterHDmapData,0
10093,TBD,em_msgs,msg,static_object,StaticObject,em_msgs/msg/StaticObject,0
10094,TBD,em_msgs,msg,ref_line_seg_is_on_route,RefLineSegIsOnRoute,em_msgs/msg/RefLineSegIsOnRoute,0
10095,TBD,em_msgs,msg,em_dbg_otl_filter,EmDbgOtlFilter,em_msgs/msg/EmDbgOtlFilter,0
10096,TBD,em_msgs,msg,reserve_data,ReserveData,em_msgs/msg/ReserveData,0
10097,TBD,em_msgs,msg,reference_line,ReferenceLine,em_msgs/msg/ReferenceLine,0
10098,TBD,em_msgs,msg,ref_line_coeff,RefLineCoeff,em_msgs/msg/RefLineCoeff,0
10099,TBD,em_msgs,msg,map_car_position,MapCarPosition,em_msgs/msg/MapCarPosition,0
10100,TBD,em_msgs,msg,em_obj_track_corner_point,EmObjTrackCornerPoint,em_msgs/msg/EmObjTrackCornerPoint,0
10101,TBD,em_msgs,msg,ref_line_point,RefLinePoint,em_msgs/msg/RefLinePoint,0
10102,TBD,em_msgs,msg,ref_line_seg_lane_transition_dir,RefLineSegLaneTransitionDir,em_msgs/msg/RefLineSegLaneTransitionDir,0
10103,TBD,em_msgs,msg,point_property,PointProperty,em_msgs/msg/PointProperty,0
10104,TBD,em_msgs,msg,lmf_dbg_element,LmfDbgElement,em_msgs/msg/LmfDbgElement,0
10105,TBD,em_msgs,msg,lane_element,LaneElement,em_msgs/msg/LaneElement,0
10106,TBD,em_msgs,msg,em_dbg_hlmf_data,EmDbgHlmfData,em_msgs/msg/EmDbgHlmfData,0
10107,TBD,em_msgs,msg,lane,Lane,em_msgs/msg/Lane,0
10108,TBD,em_msgs,msg,lane_data,LaneData,em_msgs/msg/LaneData,0
10109,TBD,em_msgs,msg,em_pre_joint_data,EmPreJointData,em_msgs/msg/EmPreJointData,0
10110,TBD,em_msgs,msg,cipv_id_info,CipvIdInfo,em_msgs/msg/CipvIdInfo,0
10111,TBD,em_msgs,msg,em_hpc2_dbg,EmHpc2Dbg,em_msgs/msg/EmHpc2Dbg,1
10112,TBD,em_msgs,msg,em_dbg_pre_pro_objs_tras,EmDbgPreProObjsTras,em_msgs/msg/EmDbgPreProObjsTras,0
10113,TBD,em_msgs,msg,em_dbg_otl_lane_model_data,EmDbgOtlLaneModelData,em_msgs/msg/EmDbgOtlLaneModelData,0
10114,TBD,em_msgs,msg,em_dbg_preprocess_data,EmDbgPreprocessData,em_msgs/msg/EmDbgPreprocessData,0
10115,TBD,em_msgs,msg,em_traffic_light,EmTrafficLight,em_msgs/msg/EmTrafficLight,0
10116,TBD,em_msgs,msg,em_dbg_obj_container,EmDbgObjContainer,em_msgs/msg/EmDbgObjContainer,0
10117,TBD,em_msgs,msg,ref_line_seg_lane_heading,RefLineSegLaneHeading,em_msgs/msg/RefLineSegLaneHeading,0
10118,TBD,em_msgs,msg,agent_data,AgentData,em_msgs/msg/AgentData,0
10119,TBD,em_msgs,msg,ref_line_seg_lane_width,RefLineSegLaneWidth,em_msgs/msg/RefLineSegLaneWidth,0
10120,TBD,em_msgs,msg,em_dbg_otl_data,EmDbgOtlData,em_msgs/msg/EmDbgOtlData,0
10121,TBD,em_msgs,msg,em_dbg,EmDbg,em_msgs/msg/EmDbg,0
10122,TBD,em_msgs,msg,navi_guide_info,NaviGuideInfo,em_msgs/msg/NaviGuideInfo,0
10123,TBD,em_msgs,msg,ref_line_seg_lane_type,RefLineSegLaneType,em_msgs/msg/RefLineSegLaneType,0
10124,TBD,em_msgs,msg,em_dbg_led_veh,EmDbgLedVeh,em_msgs/msg/EmDbgLedVeh,0
10125,TBD,em_msgs,msg,em_dbg_swarm_data,EmDbgSwarmData,em_msgs/msg/EmDbgSwarmData,0
10126,TBD,em_msgs,msg,em_dbg_lv_dbg,EmDbgLVDbg,em_msgs/msg/EmDbgLVDbg,0
10127,TBD,em_msgs,msg,lmf_polynom,LmfPolynom,em_msgs/msg/LmfPolynom,0
10128,TBD,em_msgs,msg,lane_point,LanePoint,em_msgs/msg/LanePoint,0
10129,TBD,em_msgs,msg,ref_line_seg_speed_limit_source,RefLineSegSpeedLimitSource,em_msgs/msg/RefLineSegSpeedLimitSource,0
10130,TBD,em_msgs,msg,ref_line_seg_lane_arrow_type,RefLineSegLaneArrowType,em_msgs/msg/RefLineSegLaneArrowType,0
10131,TBD,em_msgs,msg,map_geo_fence,MapGeoFence,em_msgs/msg/MapGeoFence,0
10132,TBD,em_msgs,msg,world_condition,WorldCondition,em_msgs/msg/WorldCondition,0
10133,TBD,em_msgs,msg,lmf_plm,LmfPlm,em_msgs/msg/LmfPlm,0
10134,TBD,em_msgs,msg,scenario_classification,ScenarioClassification,em_msgs/msg/ScenarioClassification,0
10135,TBD,em_msgs,msg,em_input_diag,EmInputDiag,em_msgs/msg/EmInputDiag,0
10136,TBD,em_msgs,msg,ref_line_seg_lane_curvature,RefLineSegLaneCurvature,em_msgs/msg/RefLineSegLaneCurvature,0
10137,TBD,em_msgs,msg,map_guide_point,MapGuidePoint,em_msgs/msg/MapGuidePoint,0
10138,TBD,em_msgs,msg,em_intersection_data,EmIntersectionData,em_msgs/msg/EmIntersectionData,0
10139,TBD,em_msgs,msg,em_road_edge,EmRoadEdge,em_msgs/msg/EmRoadEdge,0
10140,TBD,em_msgs,msg,map_guide_point_data,MapGuidePointData,em_msgs/msg/MapGuidePointData,0
10141,TBD,em_msgs,msg,em_cone_collection,EmConeCollection,em_msgs/msg/EmConeCollection,0
10142,TBD,em_msgs,msg,em_lane_marking,EmLaneMarking,em_msgs/msg/EmLaneMarking,0
10143,TBD,em_msgs,msg,ref_line_seg_lane_slope,RefLineSegLaneSlope,em_msgs/msg/RefLineSegLaneSlope,0
10144,TBD,em_msgs,msg,em_road_edge_segment,EmRoadEdgeSegment,em_msgs/msg/EmRoadEdgeSegment,0
10145,TBD,em_msgs,msg,em_dbg_pre_center_lines,EmDbgPreCenterLines,em_msgs/msg/EmDbgPreCenterLines,0
10146,TBD,em_msgs,msg,ref_line_seg_super_elevation,RefLineSegSuperElevation,em_msgs/msg/RefLineSegSuperElevation,0
10147,TBD,em_msgs,msg,em_dbg_per,EmDbgPer,em_msgs/msg/EmDbgPer,0
10148,TBD,em_msgs,msg,lane_boundary,LaneBoundary,em_msgs/msg/LaneBoundary,0
10149,TBD,em_msgs,msg,em_diag_info,EmDiagInfo,em_msgs/msg/EmDiagInfo,0
10150,TBD,em_msgs,msg,agent_current_pos_proj_on_to_ref_line,AgentCurrentPosProjOnToRefLine,em_msgs/msg/AgentCurrentPosProjOnToRefLine,0
10151,TBD,em_msgs,msg,ref_line_seg_speed_limit,RefLineSegSpeedLimit,em_msgs/msg/RefLineSegSpeedLimit,0
10152,TBD,sit_message,msg,agent_snapshot_pass_info,AgentSnapshotPassInfo,sit_message/msg/AgentSnapshotPassInfo,0
10153,TBD,sit_message,msg,st_contiguous_regions_buffer,STContiguousRegionsBuffer,sit_message/msg/STContiguousRegionsBuffer,0
10154,TBD,sit_message,msg,lc_spd_adjust_info,LcSpdAdjustInfo,sit_message/msg/LcSpdAdjustInfo,0
10155,TBD,sit_message,msg,behavior,Behavior,sit_message/msg/Behavior,0
10156,TBD,sit_message,msg,st_stopping_constraint,STStoppingConstraint,sit_message/msg/STStoppingConstraint,0
10157,TBD,sit_message,msg,st_vehicle_params_debug,STVehicleParamsDebug,sit_message/msg/STVehicleParamsDebug,0
10158,TBD,sit_message,msg,debug_data,DebugData,sit_message/msg/DebugData,0
10159,TBD,sit_message,msg,st_sampling_debug,STSamplingDebug,sit_message/msg/STSamplingDebug,0
10160,TBD,sit_message,msg,segment2_d,Segment2D,sit_message/msg/Segment2D,0
10161,TBD,sit_message,msg,st_roll_cost_debug,STRollCostDebug,sit_message/msg/STRollCostDebug,0
10162,TBD,sit_message,msg,necessity_debug_signals,NecessityDebugSignals,sit_message/msg/NecessityDebugSignals,0
10163,TBD,sit_message,msg,poly_cubic_seg,PolyCubicSeg,sit_message/msg/PolyCubicSeg,0
10164,TBD,sit_message,msg,future_object_lane_index,FutureObjectLaneIndex,sit_message/msg/FutureObjectLaneIndex,0
10165,TBD,sit_message,msg,availability_debug_signals,AvailabilityDebugSignals,sit_message/msg/AvailabilityDebugSignals,0
10166,TBD,sit_message,msg,segment_point2_d,SegmentPoint2D,sit_message/msg/SegmentPoint2D,0
10167,TBD,sit_message,msg,trajectory,Trajectory,sit_message/msg/Trajectory,0
10168,TBD,sit_message,msg,st_collision_segment,STCollisionSegment,sit_message/msg/STCollisionSegment,0
10169,TBD,sit_message,msg,center_line_point,CenterLinePoint,sit_message/msg/CenterLinePoint,0
10170,TBD,sit_message,msg,st_obstacle_region,STObstacleRegion,sit_message/msg/STObstacleRegion,0
10171,TBD,sit_message,msg,acc_objects,ACCObjects,sit_message/msg/ACCObjects,0
10172,TBD,sit_message,msg,agent_in_lane_states,AgentInLaneStates,sit_message/msg/AgentInLaneStates,0
10173,TBD,sit_message,msg,lc_spd_adjust_to_planning,LcSpdAdjustToPlanning,sit_message/msg/LcSpdAdjustToPlanning,0
10174,TBD,sit_message,msg,necessity_suppression_info,NecessitySuppressionInfo,sit_message/msg/NecessitySuppressionInfo,0
10175,TBD,sit_message,msg,acc_object_debug_info,ACCObjectDebugInfo,sit_message/msg/ACCObjectDebugInfo,0
10176,TBD,sit_message,msg,multi_dynamic_border,MultiDynamicBorder,sit_message/msg/MultiDynamicBorder,0
10177,TBD,sit_message,msg,stamped_agent_snapshot_in_lane_state,StampedAgentSnapshotInLaneState,sit_message/msg/StampedAgentSnapshotInLaneState,0
10178,TBD,sit_message,msg,agent_ingestor,AgentIngestor,sit_message/msg/AgentIngestor,0
10179,TBD,sit_message,msg,sit_hmi,SitHmi,sit_message/msg/SitHmi,0
10180,TBD,sit_message,msg,agent_snapshot_in_lane_param,AgentSnapshotInLaneParam,sit_message/msg/AgentSnapshotInLaneParam,0
10181,TBD,sit_message,msg,spatial_range,SpatialRange,sit_message/msg/SpatialRange,0
10182,TBD,sit_message,msg,lc_opportunity_info,LcOpportunityInfo,sit_message/msg/LcOpportunityInfo,0
10183,TBD,sit_message,msg,quintic_coef,QuinticCoef,sit_message/msg/QuinticCoef,0
10184,TBD,sit_message,msg,necessity_ramp_merge_info,NecessityRampMergeInfo,sit_message/msg/NecessityRampMergeInfo,0
10185,TBD,sit_message,msg,st_costing_engine_debug,STCostingEngineDebug,sit_message/msg/STCostingEngineDebug,0
10186,TBD,sit_message,msg,sit_hmi_es37,SitHmiEs37,sit_message/msg/SitHmiEs37,0
10187,TBD,sit_message,msg,sb_range,SBRange,sit_message/msg/SBRange,0
10188,TBD,sit_message,msg,poly_linear_seg,PolyLinearSeg,sit_message/msg/PolyLinearSeg,0
10189,TBD,sit_message,msg,agent_trajectory_in_lane_states,AgentTrajectoryInLaneStates,sit_message/msg/AgentTrajectoryInLaneStates,0
10190,TBD,sit_message,msg,st_obstacle_trajectory_constraint_decisions,STObstacleTrajectoryConstraintDecisions,sit_message/msg/STObstacleTrajectoryConstraintDecisions,0
10191,TBD,sit_message,msg,agent_snapshot_blocking_info,AgentSnapshotBlockingInfo,sit_message/msg/AgentSnapshotBlockingInfo,0
10192,TBD,sit_message,msg,future_object_time_index,FutureObjectTimeIndex,sit_message/msg/FutureObjectTimeIndex,0
10193,TBD,sit_message,msg,availability_each_sudoku_info,AvailabilityEachSudokuInfo,sit_message/msg/AvailabilityEachSudokuInfo,0
10194,TBD,sit_message,msg,st_speed_constraint,STSpeedConstraint,sit_message/msg/STSpeedConstraint,0
10195,TBD,sit_message,msg,selected_opportunity_info,SelectedOpportunityInfo,sit_message/msg/SelectedOpportunityInfo,0
10196,TBD,sit_message,msg,future_object_info,FutureObjectInfo,sit_message/msg/FutureObjectInfo,0
10197,TBD,sit_message,msg,st_rollout_generator_debug,STRolloutGeneratorDebug,sit_message/msg/STRolloutGeneratorDebug,0
10198,TBD,sit_message,msg,availability_lc_graph_obj_info,AvailabilityLcGraphObjInfo,sit_message/msg/AvailabilityLcGraphObjInfo,0
10199,TBD,sit_message,msg,st_rollout,STRollout,sit_message/msg/STRollout,0
10200,TBD,sit_message,msg,object_selection_debug_signals,ObjectSelectionDebugSignals,sit_message/msg/ObjectSelectionDebugSignals,0
10201,TBD,sit_message,msg,traffic_light_info,TrafficLightInfo,sit_message/msg/TrafficLightInfo,0
10202,TBD,sit_message,msg,poly_quadratic_seg,PolyQuadraticSeg,sit_message/msg/PolyQuadraticSeg,0
10203,TBD,sit_message,msg,availability_sudoku_row,AvailabilitySudokuRow,sit_message/msg/AvailabilitySudokuRow,0
10204,TBD,sit_message,msg,lc_risk_obj_info,LcRiskObjInfo,sit_message/msg/LcRiskObjInfo,0
10205,TBD,sit_message,msg,st_obstacle_contiguous_regions,STObstacleContiguousRegions,sit_message/msg/STObstacleContiguousRegions,0
10206,TBD,sit_message,msg,arbitrator_debug_signals,ArbitratorDebugSignals,sit_message/msg/ArbitratorDebugSignals,0
10207,TBD,sit_message,msg,static_border_seg,StaticBorderSeg,sit_message/msg/StaticBorderSeg,0
10208,TBD,sit_message,msg,dynamic_border,DynamicBorder,sit_message/msg/DynamicBorder,0
10209,TBD,sit_message,msg,sb_corridor,SBCorridor,sit_message/msg/SBCorridor,0
10210,TBD,sit_message,msg,agent_snapshot_pose,AgentSnapshotPose,sit_message/msg/AgentSnapshotPose,0
10211,TBD,sit_message,msg,dynamic_state,DynamicState,sit_message/msg/DynamicState,0
10212,TBD,sit_message,msg,st_constraints,STConstraints,sit_message/msg/STConstraints,0
10213,TBD,sit_message,msg,sit_debug_data,SitDebugData,sit_message/msg/SitDebugData,1
10214,TBD,sit_message,msg,availability_object_array,AvailabilityObjectArray,sit_message/msg/AvailabilityObjectArray,0
10215,TBD,sit_message,msg,intersection_info,IntersectionInfo,sit_message/msg/IntersectionInfo,0
10216,TBD,sit_message,msg,st_obstacle_constraint_decisions,STObstacleConstraintDecisions,sit_message/msg/STObstacleConstraintDecisions,0
10217,TBD,sit_message,msg,situation_analysis,SituationAnalysis,sit_message/msg/SituationAnalysis,1
10218,TBD,sit_message,msg,st_obstacle_constraint,STObstacleConstraint,sit_message/msg/STObstacleConstraint,0
10219,TBD,sit_message,msg,st_constraint_generator_debug,STConstraintGeneratorDebug,sit_message/msg/STConstraintGeneratorDebug,0
10220,TBD,sit_message,msg,st_region,STRegion,sit_message/msg/STRegion,0
10221,TBD,sit_message,msg,agent_snapshot_in_lane_state,AgentSnapshotInLaneState,sit_message/msg/AgentSnapshotInLaneState,0
10222,TBD,sit_message,msg,availability_object_info,AvailabilityObjectInfo,sit_message/msg/AvailabilityObjectInfo,0
10223,TBD,sit_message,msg,static_border,StaticBorder,sit_message/msg/StaticBorder,0
10224,TBD,sit_message,msg,ego_in_lane_params,EgoInLaneParams,sit_message/msg/EgoInLaneParams,0
10225,TBD,sit_message,msg,st_decision_extractor_debug,STDecisionExtractorDebug,sit_message/msg/STDecisionExtractorDebug,0
10226,TBD,sit_message,msg,corridor,Corridor,sit_message/msg/Corridor,0
10227,TBD,sit_message,msg,st_lateral_sampler_debug,STLateralSamplerDebug,sit_message/msg/STLateralSamplerDebug,0
10228,TBD,sit_message,msg,st_agent_snapshots_decision,STAgentSnapshotsDecision,sit_message/msg/STAgentSnapshotsDecision,0
10229,TBD,sit_message,msg,corner_point,CornerPoint,sit_message/msg/CornerPoint,0
10230,TBD,hpp_localization_msgs,msg,vslam_localization_output,VSLAMLocalizationOutput,hpp_localization_msgs/msg/VSLAMLocalizationOutput,0
10231,TBD,hpp_localization_msgs,msg,vslam_localization_start,VSLAMLocalizationStart,hpp_localization_msgs/msg/VSLAMLocalizationStart,0
10232,TBD,hpp_localization_msgs,msg,vslam_localization_traj_info,VSLAMLocalizationTrajInfo,hpp_localization_msgs/msg/VSLAMLocalizationTrajInfo,0
10233,TBD,hpp_localization_msgs,msg,vslam_localization_slot_info,VSLAMLocalizationSlotInfo,hpp_localization_msgs/msg/VSLAMLocalizationSlotInfo,0
10234,TBD,lidar_perception_msgs,msg,lidar_cuboid,LidarCuboid,lidar_perception_msgs/msg/LidarCuboid,0
10235,TBD,lidar_perception_msgs,msg,lidar_perception_internal,LidarPerceptionInternal,lidar_perception_msgs/msg/LidarPerceptionInternal,1
10236,TBD,lidar_perception_msgs,msg,lidar_tracking_objects,LidarTrackingObjects,lidar_perception_msgs/msg/LidarTrackingObjects,1
10237,TBD,lidar_perception_msgs,msg,lidar_tracking_cuboid,LidarTrackingCuboid,lidar_perception_msgs/msg/LidarTrackingCuboid,0
10238,TBD,lidar_perception_msgs,msg,lidar_point,LidarPoint,lidar_perception_msgs/msg/LidarPoint,0
10239,TBD,lidar_perception_msgs,msg,lidar_points,LidarPoints,lidar_perception_msgs/msg/LidarPoints,0
10240,TBD,infer_msgs,msg,avm_infer_trans,AvmInferTrans,infer_msgs/msg/AvmInferTrans,0
10241,TBD,pilot_control_msgs,msg,angle_to_torque_ctrl_debug,AngleToTorqueCtrlDebug,pilot_control_msgs/msg/AngleToTorqueCtrlDebug,0
10242,TBD,pilot_control_msgs,msg,vlc_ax_ctrl_cover_debug_data,VLCAxCtrlCoverDebugData,pilot_control_msgs/msg/VLCAxCtrlCoverDebugData,0
10243,TBD,pilot_control_msgs,msg,vlc_pilot_output_debug_data,VLCPilotOutputDebugData,pilot_control_msgs/msg/VLCPilotOutputDebugData,0
10244,TBD,pilot_control_msgs,msg,lng_acceleration_request,LngAccelerationRequest,pilot_control_msgs/msg/LngAccelerationRequest,0
10245,TBD,pilot_control_msgs,msg,lon_ctrl,LonCtrl,pilot_control_msgs/msg/LonCtrl,0
10246,TBD,pilot_control_msgs,msg,vlc_pilot_input_debug_data,VLCPilotInputDebugData,pilot_control_msgs/msg/VLCPilotInputDebugData,0
10247,TBD,pilot_control_msgs,msg,vlc_drive_off_ctrl_debug_data,VLCDriveOffCtrlDebugData,pilot_control_msgs/msg/VLCDriveOffCtrlDebugData,0
10248,TBD,pilot_control_msgs,msg,long_ctrl_debug,LongCtrlDebug,pilot_control_msgs/msg/LongCtrlDebug,1
10249,TBD,pilot_control_msgs,msg,es33_vehicle_lateral_output,ES33VehicleLateralOutput,pilot_control_msgs/msg/ES33VehicleLateralOutput,1
10250,TBD,pilot_control_msgs,msg,lat_ctrl_mpc_debug,LatCtrlMpcDebug,pilot_control_msgs/msg/LatCtrlMpcDebug,0
10251,TBD,pilot_control_msgs,msg,vehicle_control,VehicleControl,pilot_control_msgs/msg/VehicleControl,0
10252,TBD,pilot_control_msgs,msg,lng_deceleration_request,LngDecelerationRequest,pilot_control_msgs/msg/LngDecelerationRequest,0
10253,TBD,pilot_control_msgs,msg,control_to_planning_data,ControlToPlanningData,pilot_control_msgs/msg/ControlToPlanningData,1
10254,TBD,pilot_control_msgs,msg,vlc_ax_tar_cover_debug_data,VLCAxTarCoverDebugData,pilot_control_msgs/msg/VLCAxTarCoverDebugData,0
10255,TBD,pilot_control_msgs,msg,es33_vehicle_longitudinal_output,ES33VehicleLongitudinalOutput,pilot_control_msgs/msg/ES33VehicleLongitudinalOutput,1
10256,TBD,pilot_control_msgs,msg,vlc_preprocess_sm_debug_data,VLCPreprocessSMDebugData,pilot_control_msgs/msg/VLCPreprocessSMDebugData,0
10257,TBD,pilot_control_msgs,msg,lat_torq_request,LatTorqRequest,pilot_control_msgs/msg/LatTorqRequest,0
10258,TBD,pilot_control_msgs,msg,ipd_vehicle_lateral_output,IPDVehicleLateralOutput,pilot_control_msgs/msg/IPDVehicleLateralOutput,1
10259,TBD,pilot_control_msgs,msg,ipd_vehicle_longitudinal_output,IPDVehicleLongitudinalOutput,pilot_control_msgs/msg/IPDVehicleLongitudinalOutput,1
10260,TBD,pilot_control_msgs,msg,lat_ctrl_lqr_debug,LatCtrlLqrDebug,pilot_control_msgs/msg/LatCtrlLqrDebug,0
10261,TBD,pilot_control_msgs,msg,hmi_lat_out,HMILatOut,pilot_control_msgs/msg/HMILatOut,0
10262,TBD,pilot_control_msgs,msg,lat_ctrl_debug,LatCtrlDebug,pilot_control_msgs/msg/LatCtrlDebug,0
10263,TBD,pilot_control_msgs,msg,vlc_actuator_choice_debug_data,VLCActuatorChoiceDebugData,pilot_control_msgs/msg/VLCActuatorChoiceDebugData,0
10264,TBD,pilot_control_msgs,msg,lon_hmi,LonHmi,pilot_control_msgs/msg/LonHmi,0
10265,TBD,pilot_control_msgs,msg,vlc_fx_tar_limit_debug_data,VLCFxTarLimitDebugData,pilot_control_msgs/msg/VLCFxTarLimitDebugData,0
10266,TBD,pilot_control_msgs,msg,lat_ctrl_pp_debug,LatCtrlPPDebug,pilot_control_msgs/msg/LatCtrlPPDebug,0
10267,TBD,pilot_control_msgs,msg,lat_ctrl,LatCtrl,pilot_control_msgs/msg/LatCtrl,0
10268,TBD,pilot_control_msgs,msg,lat_ctrl_yrc_debug,LatCtrlYRCDebug,pilot_control_msgs/msg/LatCtrlYRCDebug,1
10269,TBD,pilot_control_msgs,msg,lat_hmi,LatHmi,pilot_control_msgs/msg/LatHmi,0
10270,TBD,pilot_control_msgs,msg,vlc_stat_prop_dead_zone_ax_debug_data,VLCStatPropDeadZoneAxDebugData,pilot_control_msgs/msg/VLCStatPropDeadZoneAxDebugData,0
10271,TBD,pilot_control_msgs,msg,human_machine_shared_ctrl_data,HumanMachineSharedCtrlData,pilot_control_msgs/msg/HumanMachineSharedCtrlData,1
10272,TBD,pilot_control_msgs,msg,lat_trajectory_ctrl_debug,LatTrajectoryCtrlDebug,pilot_control_msgs/msg/LatTrajectoryCtrlDebug,1
10273,TBD,pilot_control_msgs,msg,angle_if_eps,AngleIfEPS,pilot_control_msgs/msg/AngleIfEPS,0
10274,TBD,pilot_control_msgs,msg,vlc_enable_ec_dc_postprocess_debug_data,VLCEnableEcDcPostprocessDebugData,pilot_control_msgs/msg/VLCEnableEcDcPostprocessDebugData,0
10275,TBD,pilot_control_msgs,msg,hmi_lng_out,HMILngOut,pilot_control_msgs/msg/HMILngOut,0
10276,TBD,pilot_control_msgs,msg,pilot_lon_ctrl_dbg_data,PilotLonCtrlDbgData,pilot_control_msgs/msg/PilotLonCtrlDbgData,1
10277,TBD,pilot_control_msgs,msg,vlc_core_preprocess_debug_data,VLCCorePreprocessDebugData,pilot_control_msgs/msg/VLCCorePreprocessDebugData,0
10278,TBD,zone_ehp_msgs,msg,zone_ehp_line_info,ZoneEhpLineInfo,zone_ehp_msgs/msg/ZoneEhpLineInfo,0
10279,TBD,zone_ehp_msgs,msg,zone_ehp_common_id,ZoneEhpCommonID,zone_ehp_msgs/msg/ZoneEhpCommonID,0
10280,TBD,zone_ehp_msgs,msg,zone_ehp_speed,ZoneEhpSpeed,zone_ehp_msgs/msg/ZoneEhpSpeed,0
10281,TBD,zone_ehp_msgs,msg,zone_ehp_lane_link_path,ZoneEhpLaneLinkPath,zone_ehp_msgs/msg/ZoneEhpLaneLinkPath,0
10282,TBD,zone_ehp_msgs,msg,zone_ehp_common_head,ZoneEhpCommonHead,zone_ehp_msgs/msg/ZoneEhpCommonHead,0
10283,TBD,zone_ehp_msgs,msg,zone_ehp_curvature_info,ZoneEhpCurvatureInfo,zone_ehp_msgs/msg/ZoneEhpCurvatureInfo,0
10284,TBD,zone_ehp_msgs,msg,zone_ehp_link_path,ZoneEhpLinkPath,zone_ehp_msgs/msg/ZoneEhpLinkPath,0
10285,TBD,zone_ehp_msgs,msg,zone_ehp_sub_path,ZoneEhpSubPath,zone_ehp_msgs/msg/ZoneEhpSubPath,0
10286,TBD,zone_ehp_msgs,msg,zone_ehp_link_model,ZoneEhpLinkModel,zone_ehp_msgs/msg/ZoneEhpLinkModel,0
10287,TBD,zone_ehp_msgs,msg,zone_ehp_position,ZoneEhpPosition,zone_ehp_msgs/msg/ZoneEhpPosition,0
10288,TBD,zone_ehp_msgs,msg,zone_ehp_lane_connect,ZoneEhpLaneConnect,zone_ehp_msgs/msg/ZoneEhpLaneConnect,0
10289,TBD,zone_ehp_msgs,msg,zone_ehp_super_elevation_info,ZoneEhpSuperElevationInfo,zone_ehp_msgs/msg/ZoneEhpSuperElevationInfo,0
10290,TBD,zone_ehp_msgs,msg,zone_ehp_heading_info,ZoneEhpHeadingInfo,zone_ehp_msgs/msg/ZoneEhpHeadingInfo,0
10291,TBD,zone_ehp_msgs,msg,zone_ehp_lane_info,ZoneEhpLaneInfo,zone_ehp_msgs/msg/ZoneEhpLaneInfo,0
10292,TBD,zone_ehp_msgs,msg,zone_ehp_link_connect,ZoneEhpLinkConnect,zone_ehp_msgs/msg/ZoneEhpLinkConnect,0
10293,TBD,zone_ehp_msgs,msg,zone_ehp_slope_info,ZoneEhpSlopeInfo,zone_ehp_msgs/msg/ZoneEhpSlopeInfo,0
10294,TBD,zone_ehp_msgs,msg,zone_ehp_status_switch,ZoneEhpStatusSwitch,zone_ehp_msgs/msg/ZoneEhpStatusSwitch,0
10295,TBD,zone_ehp_msgs,msg,zone_ehp_obj_info,ZoneEhpObjInfo,zone_ehp_msgs/msg/ZoneEhpObjInfo,0
10296,TBD,zone_ehp_msgs,msg,zone_ehp_switch_info,ZoneEhpSwitchInfo,zone_ehp_msgs/msg/ZoneEhpSwitchInfo,0
10297,TBD,zone_ehp_msgs,msg,zone_ehp_mapping_status,ZoneEhpMappingStatus,zone_ehp_msgs/msg/ZoneEhpMappingStatus,0
10298,TBD,zone_ehp_msgs,msg,zone_ehp_path_ctrl,ZoneEhpPathCtrl,zone_ehp_msgs/msg/ZoneEhpPathCtrl,0
10299,TBD,zone_ehp_msgs,msg,zone_ehp_data_range,ZoneEhpDataRange,zone_ehp_msgs/msg/ZoneEhpDataRange,0
10300,TBD,zone_ehp_msgs,msg,zone_ehp_lane_width,ZoneEhpLaneWidth,zone_ehp_msgs/msg/ZoneEhpLaneWidth,0
10301,TBD,zone_ehp_msgs,msg,zone_ehp_obj_info_data,ZoneEhpObjInfoData,zone_ehp_msgs/msg/ZoneEhpObjInfoData,0
10302,TBD,zone_ehp_msgs,msg,zone_ehp_sub_path_data,ZoneEhpSubPathData,zone_ehp_msgs/msg/ZoneEhpSubPathData,0
10303,TBD,zone_ehp_msgs,msg,zone_ehp_point3_d,ZoneEhpPoint3D,zone_ehp_msgs/msg/ZoneEhpPoint3D,0
10304,TBD,zone_ehp_msgs,msg,zone_ehp_point_info,ZoneEhpPointInfo,zone_ehp_msgs/msg/ZoneEhpPointInfo,0
10305,TBD,per_fusion_msgs,msg,freespace_fusion_parking,FreespaceFusionParking,per_fusion_msgs/msg/FreespaceFusionParking,1
10306,TBD,per_fusion_msgs,msg,freespace_fusion_obstacle,FreespaceFusionObstacle,per_fusion_msgs/msg/FreespaceFusionObstacle,0
10307,TBD,per_fusion_msgs,msg,obj_track_corner_point,ObjTrackCornerPoint,per_fusion_msgs/msg/ObjTrackCornerPoint,0
10308,TBD,per_fusion_msgs,msg,fusion_road_edge_out_info,FusionRoadEdgeOutInfo,per_fusion_msgs/msg/FusionRoadEdgeOutInfo,0
10309,TBD,per_fusion_msgs,msg,lane_extra_points,LaneExtraPoints,per_fusion_msgs/msg/LaneExtraPoints,0
10310,TBD,per_fusion_msgs,msg,f_usion_debug_obstalce,FUsionDebugObstalce,per_fusion_msgs/msg/FUsionDebugObstalce,0
10311,TBD,per_fusion_msgs,msg,fusion_debug_lane,FusionDebugLane,per_fusion_msgs/msg/FusionDebugLane,0
10312,TBD,per_fusion_msgs,msg,fusion_debug_obstacles,FusionDebugObstacles,per_fusion_msgs/msg/FusionDebugObstacles,0
10313,TBD,per_fusion_msgs,msg,logic_lane,LogicLane,per_fusion_msgs/msg/LogicLane,0
10314,TBD,per_fusion_msgs,msg,freespace_fusion_matched_object_info,FreespaceFusionMatchedObjectInfo,per_fusion_msgs/msg/FreespaceFusionMatchedObjectInfo,0
10315,TBD,per_fusion_msgs,msg,obj_track_natural_attr,ObjTrackNaturalAttr,per_fusion_msgs/msg/ObjTrackNaturalAttr,0
10316,TBD,per_fusion_msgs,msg,obj_tracks,ObjTracks,per_fusion_msgs/msg/ObjTracks,5
10317,TBD,per_fusion_msgs,msg,lane_markings,LaneMarkings,per_fusion_msgs/msg/LaneMarkings,4
10318,TBD,per_fusion_msgs,msg,logic_map_list,LogicMapList,per_fusion_msgs/msg/LogicMapList,0
10319,TBD,per_fusion_msgs,msg,lane_curve_line,LaneCurveLine,per_fusion_msgs/msg/LaneCurveLine,0
10320,TBD,per_fusion_msgs,msg,logic_road_node,LogicRoadNode,per_fusion_msgs/msg/LogicRoadNode,0
10321,TBD,per_fusion_msgs,msg,freespace_points,FreespacePoints,per_fusion_msgs/msg/FreespacePoints,0
10322,TBD,per_fusion_msgs,msg,fusion_road_edge_data,FusionRoadEdgeData,per_fusion_msgs/msg/FusionRoadEdgeData,0
10323,TBD,per_fusion_msgs,msg,logic_movement,LogicMovement,per_fusion_msgs/msg/LogicMovement,0
10324,TBD,per_fusion_msgs,msg,freespace_fusion_obstacle_point,FreespaceFusionObstaclePoint,per_fusion_msgs/msg/FreespaceFusionObstaclePoint,0
10325,TBD,per_fusion_msgs,msg,logic_connection,LogicConnection,per_fusion_msgs/msg/LogicConnection,0
10326,TBD,per_fusion_msgs,msg,freespace_point,FreespacePoint,per_fusion_msgs/msg/FreespacePoint,0
10327,TBD,per_fusion_msgs,msg,lane_marking,LaneMarking,per_fusion_msgs/msg/LaneMarking,0
10328,TBD,per_fusion_msgs,msg,obj_track_fused_state,ObjTrackFusedState,per_fusion_msgs/msg/ObjTrackFusedState,0
10329,TBD,per_fusion_msgs,msg,obj_track,ObjTrack,per_fusion_msgs/msg/ObjTrack,0
10330,TBD,per_fusion_msgs,msg,obj_track_fused_quality,ObjTrackFusedQuality,per_fusion_msgs/msg/ObjTrackFusedQuality,0
10331,TBD,per_fusion_msgs,msg,fusion_debug_lanes,FusionDebugLanes,per_fusion_msgs/msg/FusionDebugLanes,0
10332,TBD,per_fusion_msgs,msg,logic_link,LogicLink,per_fusion_msgs/msg/LogicLink,0
10333,TBD,per_fusion_msgs,msg,fusion_road_edge_clothoid_model,FusionRoadEdgeClothoidModel,per_fusion_msgs/msg/FusionRoadEdgeClothoidModel,0
10334,TBD,per_fusion_msgs,msg,freespace_fusion_point,FreespaceFusionPoint,per_fusion_msgs/msg/FreespaceFusionPoint,0
10335,TBD,vehicle_msgs,msg,vehicle_hmi,VehicleHMI,vehicle_msgs/msg/VehicleHMI,2
10336,TBD,vehicle_msgs,msg,vehicle_motion_ipd,VehicleMotionIpd,vehicle_msgs/msg/VehicleMotionIpd,1
10337,TBD,vehicle_msgs,msg,vehicle_status_ipd,VehicleStatusIpd,vehicle_msgs/msg/VehicleStatusIpd,1
10338,TBD,map_ehp_msgs,msg,merge_point,MergePoint,map_ehp_msgs/msg/MergePoint,1
10339,TBD,map_ehp_msgs,msg,dynamic_meteorology,DynamicMeteorology,map_ehp_msgs/msg/DynamicMeteorology,1
10340,TBD,map_ehp_msgs,msg,curvature_info,CurvatureInfo,map_ehp_msgs/msg/CurvatureInfo,0
10341,TBD,map_ehp_msgs,msg,ehp_dtc_msg,EhpDtcMsg,map_ehp_msgs/msg/EhpDtcMsg,0
10342,TBD,map_ehp_msgs,msg,pro_h,ProH,map_ehp_msgs/msg/ProH,0
10343,TBD,map_ehp_msgs,msg,ehp_dtc,EhpDtc,map_ehp_msgs/msg/EhpDtc,0
10344,TBD,map_ehp_msgs,msg,abso_pos,AbsoPos,map_ehp_msgs/msg/AbsoPos,0
10345,TBD,map_ehp_msgs,msg,geofence_info,GeofenceInfo,map_ehp_msgs/msg/GeofenceInfo,0
10346,TBD,map_ehp_msgs,msg,lanes_geometry,LanesGeometry,map_ehp_msgs/msg/LanesGeometry,1
10347,TBD,map_ehp_msgs,msg,navigation,Navigation,map_ehp_msgs/msg/Navigation,0
10348,TBD,map_ehp_msgs,msg,dynamic_emergency,DynamicEmergency,map_ehp_msgs/msg/DynamicEmergency,1
10349,TBD,map_ehp_msgs,msg,prof_ctrl,ProfCtrl,map_ehp_msgs/msg/ProfCtrl,1
10350,TBD,map_ehp_msgs,msg,curvature,Curvature,map_ehp_msgs/msg/Curvature,1
10351,TBD,map_ehp_msgs,msg,plh,PLH,map_ehp_msgs/msg/PLH,0
10352,TBD,map_ehp_msgs,msg,data_header_pro_h,DataHeaderProH,map_ehp_msgs/msg/DataHeaderProH,0
10353,TBD,map_ehp_msgs,msg,pro_info,ProInfo,map_ehp_msgs/msg/ProInfo,0
10354,TBD,map_ehp_msgs,msg,dynamic_traffic,DynamicTraffic,map_ehp_msgs/msg/DynamicTraffic,1
10355,TBD,map_ehp_msgs,msg,event_pos,EventPos,map_ehp_msgs/msg/EventPos,0
10356,TBD,map_ehp_msgs,msg,emergency,Emergency,map_ehp_msgs/msg/Emergency,0
10357,TBD,map_ehp_msgs,msg,map_ehp_point,MapEhpPoint,map_ehp_msgs/msg/MapEhpPoint,0
10358,TBD,map_ehp_msgs,msg,profile_node,ProfileNode,map_ehp_msgs/msg/ProfileNode,1
10359,TBD,map_ehp_msgs,msg,obj_info,ObjInfo,map_ehp_msgs/msg/ObjInfo,1
10360,TBD,map_ehp_msgs,msg,cross_info,CrossInfo,map_ehp_msgs/msg/CrossInfo,0
10361,TBD,map_ehp_msgs,msg,rela_pos,RelaPos,map_ehp_msgs/msg/RelaPos,0
10362,TBD,map_ehp_msgs,msg,position_msg,PositionMsg,map_ehp_msgs/msg/PositionMsg,1
10363,TBD,map_ehp_msgs,msg,event,Event,map_ehp_msgs/msg/Event,0
10364,TBD,map_ehp_msgs,msg,switch_info,SwitchInfo,map_ehp_msgs/msg/SwitchInfo,0
10365,TBD,map_ehp_msgs,msg,lane_connectivity,LaneConnectivity,map_ehp_msgs/msg/LaneConnectivity,1
10366,TBD,map_ehp_msgs,msg,e2_e,E2E,map_ehp_msgs/msg/E2E,0
10367,TBD,map_ehp_msgs,msg,data_header,DataHeader,map_ehp_msgs/msg/DataHeader,0
10368,TBD,map_ehp_msgs,msg,road_geometry,RoadGeometry,map_ehp_msgs/msg/RoadGeometry,1
10369,TBD,map_ehp_msgs,msg,geo_fence,GeoFence,map_ehp_msgs/msg/GeoFence,1
10370,TBD,map_ehp_msgs,msg,lane_info,LaneInfo,map_ehp_msgs/msg/LaneInfo,0
10371,TBD,map_ehp_msgs,msg,lane_model,LaneModel,map_ehp_msgs/msg/LaneModel,1
10372,TBD,map_ehp_msgs,msg,position,Position,map_ehp_msgs/msg/Position,0
10373,TBD,map_ehp_msgs,msg,line_obj,LineObj,map_ehp_msgs/msg/LineObj,0
10374,TBD,map_ehp_msgs,msg,ais_h,AisH,map_ehp_msgs/msg/AisH,0
10375,TBD,map_ehp_msgs,msg,global_data,GlobalData,map_ehp_msgs/msg/GlobalData,1
10376,TBD,map_ehp_msgs,msg,junction,Junction,map_ehp_msgs/msg/Junction,0
10377,TBD,map_ehp_msgs,msg,meteorology_value,MeteorologyValue,map_ehp_msgs/msg/MeteorologyValue,0
10378,TBD,map_ehp_msgs,msg,la_co_p,LaCoP,map_ehp_msgs/msg/LaCoP,0
10379,TBD,map_ehp_msgs,msg,failsafe,Failsafe,map_ehp_msgs/msg/Failsafe,0
10380,TBD,map_ehp_msgs,msg,path_ctrl,PathCtrl,map_ehp_msgs/msg/PathCtrl,0
10381,TBD,map_ehp_msgs,msg,merge_point_info,MergePointInfo,map_ehp_msgs/msg/MergePointInfo,0
10382,TBD,map_ehp_msgs,msg,slope,Slope,map_ehp_msgs/msg/Slope,1
10383,TBD,map_ehp_msgs,msg,noa_info_msg,NoaInfoMsg,map_ehp_msgs/msg/NoaInfoMsg,1
10384,TBD,map_ehp_msgs,msg,n_arm,NArm,map_ehp_msgs/msg/NArm,0
10385,TBD,map_ehp_msgs,msg,path_ctrl_message,PathCtrlMessage,map_ehp_msgs/msg/PathCtrlMessage,1
10386,TBD,map_ehp_msgs,msg,slope_info,SlopeInfo,map_ehp_msgs/msg/SlopeInfo,0
10387,TBD,map_ehp_msgs,msg,position_geofence,PositionGeofence,map_ehp_msgs/msg/PositionGeofence,0
10388,TBD,map_ehp_msgs,msg,time_stampinfo,TimeStampinfo,map_ehp_msgs/msg/TimeStampinfo,0
10389,TBD,hd_map_ehr_to_em_msgs,msg,ehr_to_em_lane_marking,EhrToEmLaneMarking,hd_map_ehr_to_em_msgs/msg/EhrToEmLaneMarking,0
10390,TBD,hd_map_ehr_to_em_msgs,msg,ehr_to_em_surface_features_data,EhrToEmSurfaceFeaturesData,hd_map_ehr_to_em_msgs/msg/EhrToEmSurfaceFeaturesData,0
10391,TBD,hd_map_ehr_to_em_msgs,msg,ehr_to_soahd_status,EhrToSOAHDStatus,hd_map_ehr_to_em_msgs/msg/EhrToSOAHDStatus,1
10392,TBD,hd_map_ehr_to_em_msgs,msg,ehr_to_em_lane_heading,EhrToEmLaneHeading,hd_map_ehr_to_em_msgs/msg/EhrToEmLaneHeading,0
10393,TBD,hd_map_ehr_to_em_msgs,msg,ehr_to_ehp_hd_status,EhrToEhpHDStatus,hd_map_ehr_to_em_msgs/msg/EhrToEhpHDStatus,0
10394,TBD,hd_map_ehr_to_em_msgs,msg,ehr_to_em_geofence_data,EhrToEmGeofenceData,hd_map_ehr_to_em_msgs/msg/EhrToEmGeofenceData,0
10395,TBD,hd_map_ehr_to_em_msgs,msg,ehr_to_em_lane_type,EhrToEmLaneType,hd_map_ehr_to_em_msgs/msg/EhrToEmLaneType,0
10396,TBD,hd_map_ehr_to_em_msgs,msg,ehr_to_em_is_in_intersection,EhrToEmIsInIntersection,hd_map_ehr_to_em_msgs/msg/EhrToEmIsInIntersection,0
10397,TBD,hd_map_ehr_to_em_msgs,msg,ehr_to_em_center_line,EhrToEmCenterLine,hd_map_ehr_to_em_msgs/msg/EhrToEmCenterLine,0
10398,TBD,hd_map_ehr_to_em_msgs,msg,ehr_to_em_lane_width,EhrToEmLaneWidth,hd_map_ehr_to_em_msgs/msg/EhrToEmLaneWidth,0
10399,TBD,hd_map_ehr_to_em_msgs,msg,ehr_to_em_data_range,EhrToEmDataRange,hd_map_ehr_to_em_msgs/msg/EhrToEmDataRange,0
10400,TBD,hd_map_ehr_to_em_msgs,msg,ehr_to_em_is_on_rout,EhrToEmIsOnRout,hd_map_ehr_to_em_msgs/msg/EhrToEmIsOnRout,0
10401,TBD,hd_map_ehr_to_em_msgs,msg,ehr_to_em_lane_data,EhrToEmLaneData,hd_map_ehr_to_em_msgs/msg/EhrToEmLaneData,0
10402,TBD,hd_map_ehr_to_em_msgs,msg,ehr_to_em_road_edge,EhrToEmRoadEdge,hd_map_ehr_to_em_msgs/msg/EhrToEmRoadEdge,0
10403,TBD,hd_map_ehr_to_em_msgs,msg,ehr_to_ehp_vehicle_info,EhrToEhpVehicleInfo,hd_map_ehr_to_em_msgs/msg/EhrToEhpVehicleInfo,0
10404,TBD,hd_map_ehr_to_em_msgs,msg,ehr_to_em_speed_limit,EhrToEmSpeedLimit,hd_map_ehr_to_em_msgs/msg/EhrToEmSpeedLimit,0
10405,TBD,hd_map_ehr_to_em_msgs,msg,ehr_to_em_point3_d,EhrToEmPoint3D,hd_map_ehr_to_em_msgs/msg/EhrToEmPoint3D,0
10406,TBD,hd_map_ehr_to_em_msgs,msg,ehr_to_em_lane_transition_direction,EhrToEmLaneTransitionDirection,hd_map_ehr_to_em_msgs/msg/EhrToEmLaneTransitionDirection,0
10407,TBD,hd_map_ehr_to_em_msgs,msg,ehr_to_em_super_elevation,EhrToEmSuperElevation,hd_map_ehr_to_em_msgs/msg/EhrToEmSuperElevation,0
10408,TBD,hd_map_ehr_to_em_msgs,msg,ehr_to_em_intersection_data,EhrToEmIntersectionData,hd_map_ehr_to_em_msgs/msg/EhrToEmIntersectionData,0
10409,TBD,hd_map_ehr_to_em_msgs,msg,ehr_to_em_car_position,EhrToEmCarPosition,hd_map_ehr_to_em_msgs/msg/EhrToEmCarPosition,0
10410,TBD,hd_map_ehr_to_em_msgs,msg,ehr_to_em_lane_boundary_segment,EhrToEmLaneBoundarySegment,hd_map_ehr_to_em_msgs/msg/EhrToEmLaneBoundarySegment,0
10411,TBD,hd_map_ehr_to_em_msgs,msg,ehr_to_em_guide_point_info,EhrToEmGuidePointInfo,hd_map_ehr_to_em_msgs/msg/EhrToEmGuidePointInfo,0
10412,TBD,hd_map_ehr_to_em_msgs,msg,ehr_to_em_lane_boundary,EhrToEmLaneBoundary,hd_map_ehr_to_em_msgs/msg/EhrToEmLaneBoundary,0
10413,TBD,hd_map_ehr_to_em_msgs,msg,ehr_to_em_lane_curvature,EhrToEmLaneCurvature,hd_map_ehr_to_em_msgs/msg/EhrToEmLaneCurvature,0
10414,TBD,hd_map_ehr_to_em_msgs,msg,ehr_to_em_road_edge_segment,EhrToEmRoadEdgeSegment,hd_map_ehr_to_em_msgs/msg/EhrToEmRoadEdgeSegment,0
10415,TBD,hd_map_ehr_to_em_msgs,msg,ehr_to_em_lane_slop,EhrToEmLaneSlop,hd_map_ehr_to_em_msgs/msg/EhrToEmLaneSlop,0
10416,TBD,hd_map_ehr_to_em_msgs,msg,ehr_to_em_special_situation,EhrToEmSpecialSituation,hd_map_ehr_to_em_msgs/msg/EhrToEmSpecialSituation,0
10417,TBD,hd_map_ehr_to_em_msgs,msg,ehr_to_em_data,EhrToEmData,hd_map_ehr_to_em_msgs/msg/EhrToEmData,1
10418,TBD,hd_map_ehr_to_em_msgs,msg,ehr_to_em_lane_element,EhrToEmLaneElement,hd_map_ehr_to_em_msgs/msg/EhrToEmLaneElement,0
10419,TBD,ota_service_msgs,msg,ota_response,OTAResponse,ota_service_msgs/msg/OTAResponse,0
10420,TBD,ota_service_msgs,msg,ota_req_load,OTAReqLoad,ota_service_msgs/msg/OTAReqLoad,0
10421,TBD,ota_service_msgs,msg,sota_rw_data,SotaRWData,ota_service_msgs/msg/SotaRWData,0
10422,TBD,ota_service_msgs,msg,ota_control,OTAControl,ota_service_msgs/msg/OTAControl,0
10423,TBD,ota_service_msgs,msg,fota_rw_data,FotaRWData,ota_service_msgs/msg/FotaRWData,0
10424,TBD,ota_service_msgs,msg,sota_config_data,SotaConfigData,ota_service_msgs/msg/SotaConfigData,1
10425,TBD,vtd_msgs,msg,rdb_drivetrain,RDBDrivetrain,vtd_msgs/msg/RDBDrivetrain,0
10426,TBD,vtd_msgs,msg,rdb_wheel_extended,RDBWheelExtended,vtd_msgs/msg/RDBWheelExtended,0
10427,TBD,vtd_msgs,msg,rdb_driver_control_array,RDBDriverControlArray,vtd_msgs/msg/RDBDriverControlArray,0
10428,TBD,vtd_msgs,msg,rdb_vehicle_setup_array,RDBVehicleSetupArray,vtd_msgs/msg/RDBVehicleSetupArray,0
10429,TBD,vtd_msgs,msg,rdb_wheel_base,RDBWheelBase,vtd_msgs/msg/RDBWheelBase,0
10430,TBD,vtd_msgs,msg,rdb_driver_perception_array,RDBDriverPerceptionArray,vtd_msgs/msg/RDBDriverPerceptionArray,0
10431,TBD,vtd_msgs,msg,rdb_trigger,RDBTrigger,vtd_msgs/msg/RDBTrigger,0
10432,TBD,vtd_msgs,msg,rdb_traffic_light_base,RDBTrafficLightBase,vtd_msgs/msg/RDBTrafficLightBase,0
10433,TBD,vtd_msgs,msg,xml_attribute,XMLAttribute,vtd_msgs/msg/XMLAttribute,0
10434,TBD,vtd_msgs,msg,rdb_roadmark_array,RDBRoadmarkArray,vtd_msgs/msg/RDBRoadmarkArray,0
10435,TBD,vtd_msgs,msg,rdb_environment,RDBEnvironment,vtd_msgs/msg/RDBEnvironment,0
10436,TBD,vtd_msgs,msg,rdb_sensor_state_array,RDBSensorStateArray,vtd_msgs/msg/RDBSensorStateArray,0
10437,TBD,vtd_msgs,msg,rdb_traffic_light_extended,RDBTrafficLightExtended,vtd_msgs/msg/RDBTrafficLightExtended,0
10438,TBD,vtd_msgs,msg,rdb_point,RDBPoint,vtd_msgs/msg/RDBPoint,0
10439,TBD,vtd_msgs,msg,rdb_traffic_sign_array,RDBTrafficSignArray,vtd_msgs/msg/RDBTrafficSignArray,0
10440,TBD,vtd_msgs,msg,rdb_object_state_array,RDBObjectStateArray,vtd_msgs/msg/RDBObjectStateArray,0
10441,TBD,vtd_msgs,msg,rdb_engine_array,RDBEngineArray,vtd_msgs/msg/RDBEngineArray,0
10442,TBD,vtd_msgs,msg,rdb_camera,RDBCamera,vtd_msgs/msg/RDBCamera,0
10443,TBD,vtd_msgs,msg,rdb_coordinate,RDBCoordinate,vtd_msgs/msg/RDBCoordinate,0
10444,TBD,vtd_msgs,msg,xml_element,XMLElement,vtd_msgs/msg/XMLElement,0
10445,TBD,vtd_msgs,msg,xml_root,XMLRoot,vtd_msgs/msg/XMLRoot,0
10446,TBD,vtd_msgs,msg,rdb_camera_stamped,RDBCameraStamped,vtd_msgs/msg/RDBCameraStamped,0
10447,TBD,vtd_msgs,msg,rdb_roadmark,RDBRoadmark,vtd_msgs/msg/RDBRoadmark,0
10448,TBD,vtd_msgs,msg,rdb_road_state_array,RDBRoadStateArray,vtd_msgs/msg/RDBRoadStateArray,0
10449,TBD,vtd_msgs,msg,rdb_traffic_light_array,RDBTrafficLightArray,vtd_msgs/msg/RDBTrafficLightArray,0
10450,TBD,vtd_msgs,msg,scp_message,SCPMessage,vtd_msgs/msg/SCPMessage,0
10451,TBD,vtd_msgs,msg,rdb_image_stamped,RDBImageStamped,vtd_msgs/msg/RDBImageStamped,0
10452,TBD,vtd_msgs,msg,rdb_object_config_array,RDBObjectConfigArray,vtd_msgs/msg/RDBObjectConfigArray,0
10453,TBD,vtd_msgs,msg,rdb_rt_performance,RDBRtPerformance,vtd_msgs/msg/RDBRtPerformance,0
10454,TBD,vtd_msgs,msg,rdb_driver_control,RDBDriverControl,vtd_msgs/msg/RDBDriverControl,0
10455,TBD,vtd_msgs,msg,rdb_custom_scoring,RDBCustomScoring,vtd_msgs/msg/RDBCustomScoring,0
10456,TBD,vtd_msgs,msg,rdb_object_config,RDBObjectConfig,vtd_msgs/msg/RDBObjectConfig,0
10457,TBD,vtd_msgs,msg,rdb_vehicle_setup,RDBVehicleSetup,vtd_msgs/msg/RDBVehicleSetup,0
10458,TBD,vtd_msgs,msg,rdb_engine_base,RDBEngineBase,vtd_msgs/msg/RDBEngineBase,0
10459,TBD,vtd_msgs,msg,rdb_road_position_array,RDBRoadPositionArray,vtd_msgs/msg/RDBRoadPositionArray,0
10460,TBD,vtd_msgs,msg,rdb_traffic_sign,RDBTrafficSign,vtd_msgs/msg/RDBTrafficSign,0
10461,TBD,vtd_msgs,msg,rdb_geometry,RDBGeometry,vtd_msgs/msg/RDBGeometry,0
10462,TBD,vtd_msgs,msg,rdb_engine_extended,RDBEngineExtended,vtd_msgs/msg/RDBEngineExtended,0
10463,TBD,vtd_msgs,msg,rdb_image,RDBImage,vtd_msgs/msg/RDBImage,0
10464,TBD,vtd_msgs,msg,rdb_wheel_array,RDBWheelArray,vtd_msgs/msg/RDBWheelArray,0
10465,TBD,vtd_msgs,msg,rdb_lane_info_array,RDBLaneInfoArray,vtd_msgs/msg/RDBLaneInfoArray,0
10466,TBD,vtd_msgs,msg,rdb_driver_perception,RDBDriverPerception,vtd_msgs/msg/RDBDriverPerception,0
10467,TBD,vtd_msgs,msg,rdb_drivetrain_extended,RDBDrivetrainExtended,vtd_msgs/msg/RDBDrivetrainExtended,0
10468,TBD,vtd_msgs,msg,rdb_traffic_light_phase,RDBTrafficLightPhase,vtd_msgs/msg/RDBTrafficLightPhase,0
10469,TBD,vtd_msgs,msg,rdb_object_state_base,RDBObjectStateBase,vtd_msgs/msg/RDBObjectStateBase,0
10470,TBD,vtd_msgs,msg,rdb_road_position,RDBRoadPosition,vtd_msgs/msg/RDBRoadPosition,0
10471,TBD,vtd_msgs,msg,rdb_sensor_object,RDBSensorObject,vtd_msgs/msg/RDBSensorObject,0
10472,TBD,vtd_msgs,msg,rdb_sensor_state,RDBSensorState,vtd_msgs/msg/RDBSensorState,0
10473,TBD,vtd_msgs,msg,rdb_vehicle_systems,RDBVehicleSystems,vtd_msgs/msg/RDBVehicleSystems,0
10474,TBD,vtd_msgs,msg,rdb_object_state_extended,RDBObjectStateExtended,vtd_msgs/msg/RDBObjectStateExtended,0
10475,TBD,vtd_msgs,msg,rdb_road_state,RDBRoadState,vtd_msgs/msg/RDBRoadState,0
10476,TBD,vtd_msgs,msg,rdb_custom_scoring_array,RDBCustomScoringArray,vtd_msgs/msg/RDBCustomScoringArray,0
10477,TBD,vtd_msgs,msg,rdb_sensor_object_array,RDBSensorObjectArray,vtd_msgs/msg/RDBSensorObjectArray,0
10478,TBD,vtd_msgs,msg,rdb_lane_info,RDBLaneInfo,vtd_msgs/msg/RDBLaneInfo,0
10479,TBD,vtd_msgs,msg,vehicle_dynamics,VehicleDynamics,vtd_msgs/msg/VehicleDynamics,0
10480,TBD,vtd_msgs,msg,rdb_drivetrain_base,RDBDrivetrainBase,vtd_msgs/msg/RDBDrivetrainBase,0
10481,TBD,vtd_msgs,msg,rdb_vehicle_systems_array,RDBVehicleSystemsArray,vtd_msgs/msg/RDBVehicleSystemsArray,0
10482,TBD,vtd_msgs,msg,rdb_sync,RDBSync,vtd_msgs/msg/RDBSync,0
10484,TBD,hd_map_ehr_to_em_disp_msgs,msg,ehr_to_em_disp_point3_d,EhrToEmDispPoint3D,hd_map_ehr_to_em_disp_msgs/msg/EhrToEmDispPoint3D,0
10485,TBD,hd_map_ehr_to_em_disp_msgs,msg,ehr_to_em_disp_car_position,EhrToEmDispCarPosition,hd_map_ehr_to_em_disp_msgs/msg/EhrToEmDispCarPosition,0
10486,TBD,hd_map_ehr_to_em_disp_msgs,msg,ehr_to_em_disp_line_segment,EhrToEmDispLineSegment,hd_map_ehr_to_em_disp_msgs/msg/EhrToEmDispLineSegment,0
10487,TBD,hd_map_ehr_to_em_disp_msgs,msg,ehr_to_em_disp_data,EhrToEmDispData,hd_map_ehr_to_em_disp_msgs/msg/EhrToEmDispData,0
10488,TBD,hd_map_ehr_to_em_disp_msgs,msg,ehr_to_em_disp_data_range,EhrToEmDispDataRange,hd_map_ehr_to_em_disp_msgs/msg/EhrToEmDispDataRange,0
10489,TBD,hd_map_ehr_to_em_disp_msgs,msg,ehr_to_em_disp_point2_d,EhrToEmDispPoint2D,hd_map_ehr_to_em_disp_msgs/msg/EhrToEmDispPoint2D,0
10490,TBD,hd_map_ehr_to_em_disp_msgs,msg,ehr_to_em_disp_line,EhrToEmDispLine,hd_map_ehr_to_em_disp_msgs/msg/EhrToEmDispLine,0
10491,TBD,parking_rtk_groundtruth_msgs,msg,chc_inspva,CHCInspva,parking_rtk_groundtruth_msgs/msg/CHCInspva,0
10492,TBD,parking_rtk_groundtruth_msgs,msg,dr_result_list,DRResultList,parking_rtk_groundtruth_msgs/msg/DRResultList,0
10493,TBD,parking_rtk_groundtruth_msgs,msg,tfenu_to_odom,TFENUToOdom,parking_rtk_groundtruth_msgs/msg/TFENUToOdom,0
10494,TBD,can_gateway_msgs,msg,jumbo_frame_data,JumboFrameData,can_gateway_msgs/msg/JumboFrameData,0
10495,TBD,can_gateway_msgs,msg,multi_pdu_data,MultiPduData,can_gateway_msgs/msg/MultiPduData,0
10496,TBD,can_gateway_msgs,msg,signal_pdu_data,SignalPduData,can_gateway_msgs/msg/SignalPduData,0
10497,TBD,pilot_planning_msgs,msg,path_point,PathPoint,pilot_planning_msgs/msg/PathPoint,0
10498,TBD,pilot_planning_msgs,msg,ddp_control,DDPControl,pilot_planning_msgs/msg/DDPControl,0
10499,TBD,pilot_planning_msgs,msg,lateral_motion_planning_plus_debug_data,LateralMotionPlanningPlusDebugData,pilot_planning_msgs/msg/LateralMotionPlanningPlusDebugData,1
10500,TBD,pilot_planning_msgs,msg,vehicle_des_state,VehicleDesState,pilot_planning_msgs/msg/VehicleDesState,0
10501,TBD,pilot_planning_msgs,msg,lateral_opt_point_info,LateralOptPointInfo,pilot_planning_msgs/msg/LateralOptPointInfo,0
10502,TBD,pilot_planning_msgs,msg,dsqp_debug_data,DSQPDebugData,pilot_planning_msgs/msg/DSQPDebugData,0
10503,TBD,pilot_planning_msgs,msg,qp_speed_debug_data,QPSpeedDebugData,pilot_planning_msgs/msg/QPSpeedDebugData,0
10504,TBD,pilot_planning_msgs,msg,lattice_motion_planning_data,LatticeMotionPlanningData,pilot_planning_msgs/msg/LatticeMotionPlanningData,0
10505,TBD,pilot_planning_msgs,msg,planning_to_control_data,PlanningToControlData,pilot_planning_msgs/msg/PlanningToControlData,0
10506,TBD,pilot_planning_msgs,msg,lateral_motion_planning_debug_data,LateralMotionPlanningDebugData,pilot_planning_msgs/msg/LateralMotionPlanningDebugData,0
10507,TBD,pilot_planning_msgs,msg,trajectory_point,TrajectoryPoint,pilot_planning_msgs/msg/TrajectoryPoint,0
10508,TBD,pilot_planning_msgs,msg,static_boder_ponints,StaticBoderPonints,pilot_planning_msgs/msg/StaticBoderPonints,0
10509,TBD,pilot_planning_msgs,msg,qp_path_planning_debug_data,QpPathPlanningDebugData,pilot_planning_msgs/msg/QpPathPlanningDebugData,0
10510,TBD,pilot_planning_msgs,msg,costing,Costing,pilot_planning_msgs/msg/Costing,0
10511,TBD,pilot_planning_msgs,msg,points_info,PointsInfo,pilot_planning_msgs/msg/PointsInfo,0
10512,TBD,pilot_planning_msgs,msg,motion_planning,MotionPlanning,pilot_planning_msgs/msg/MotionPlanning,0
10513,TBD,pilot_planning_msgs,msg,multi_fitting_lanes_info,MultiFittingLanesInfo,pilot_planning_msgs/msg/MultiFittingLanesInfo,0
10514,TBD,pilot_planning_msgs,msg,acc_debug_data,AccDebugData,pilot_planning_msgs/msg/AccDebugData,0
10515,TBD,pilot_planning_msgs,msg,trajectory_para,TrajectoryPara,pilot_planning_msgs/msg/TrajectoryPara,0
10516,TBD,pilot_planning_msgs,msg,frenet_point,FrenetPoint,pilot_planning_msgs/msg/FrenetPoint,0
10517,TBD,pilot_planning_msgs,msg,ddp_state,DDPState,pilot_planning_msgs/msg/DDPState,0
10518,TBD,pilot_planning_msgs,msg,multi_fitting_line_seg_info,MultiFittingLineSegInfo,pilot_planning_msgs/msg/MultiFittingLineSegInfo,0
10519,TBD,pilot_planning_msgs,msg,feature,Feature,pilot_planning_msgs/msg/Feature,0
10520,TBD,pilot_planning_msgs,msg,sequence_costing,SequenceCosting,pilot_planning_msgs/msg/SequenceCosting,0
10521,TBD,pilot_planning_msgs,msg,ddp_trajectory,DDPTrajectory,pilot_planning_msgs/msg/DDPTrajectory,0
10522,TBD,pilot_planning_msgs,msg,trajectory_solution,TrajectorySolution,pilot_planning_msgs/msg/TrajectorySolution,0
10523,TBD,pilot_planning_msgs,msg,vel_plan_debug,VelPlanDebug,pilot_planning_msgs/msg/VelPlanDebug,0
10524,TBD,pilot_planning_msgs,msg,acc_line,AccLine,pilot_planning_msgs/msg/AccLine,0
10525,TBD,pilot_planning_msgs,msg,trajectory_points,TrajectoryPoints,pilot_planning_msgs/msg/TrajectoryPoints,0
10526,TBD,pilot_planning_msgs,msg,planning_hmi_info,PlanningHmiInfo,pilot_planning_msgs/msg/PlanningHmiInfo,0
10527,TBD,pilot_planning_msgs,msg,trajectory_solver_debug,TrajectorySolverDebug,pilot_planning_msgs/msg/TrajectorySolverDebug,0
10528,TBD,pilot_planning_msgs,msg,trajectory_solver_iteration,TrajectorySolverIteration,pilot_planning_msgs/msg/TrajectorySolverIteration,0
10529,TBD,plan_sss_debug_msgs,msg,plan_costs_lat,PlanCostsLat,plan_sss_debug_msgs/msg/PlanCostsLat,0
10530,TBD,plan_sss_debug_msgs,msg,state_space_sample_state3_d,StateSpaceSampleState3D,plan_sss_debug_msgs/msg/StateSpaceSampleState3D,0
10531,TBD,plan_sss_debug_msgs,msg,state_space_sample_trj_visualize,StateSpaceSampleTrjVisualize,plan_sss_debug_msgs/msg/StateSpaceSampleTrjVisualize,1
10532,TBD,plan_sss_debug_msgs,msg,state_space_sample_tp_info,StateSpaceSampleTPInfo,plan_sss_debug_msgs/msg/StateSpaceSampleTPInfo,0
10533,TBD,plan_sss_debug_msgs,msg,state_space_sample_obj,StateSpaceSampleObj,plan_sss_debug_msgs/msg/StateSpaceSampleObj,0
10534,TBD,plan_sss_debug_msgs,msg,state_space_sample_lanes,StateSpaceSampleLanes,plan_sss_debug_msgs/msg/StateSpaceSampleLanes,0
10535,TBD,plan_sss_debug_msgs,msg,target_interval,TargetInterval,plan_sss_debug_msgs/msg/TargetInterval,0
10536,TBD,plan_sss_debug_msgs,msg,state_space_sample_state2_d,StateSpaceSampleState2D,plan_sss_debug_msgs/msg/StateSpaceSampleState2D,0
10537,TBD,plan_sss_debug_msgs,msg,plan_costs_lon,PlanCostsLon,plan_sss_debug_msgs/msg/PlanCostsLon,0
10538,TBD,plan_sss_debug_msgs,msg,state_space_sample_lane,StateSpaceSampleLane,plan_sss_debug_msgs/msg/StateSpaceSampleLane,0
10539,TBD,plan_sss_debug_msgs,msg,trajectory_array_lon,TrajectoryArrayLon,plan_sss_debug_msgs/msg/TrajectoryArrayLon,0
10540,TBD,plan_sss_debug_msgs,msg,trajectory_lon,TrajectoryLon,plan_sss_debug_msgs/msg/TrajectoryLon,0
10541,TBD,plan_sss_debug_msgs,msg,state_space_sample_ilc_info,StateSpaceSampleIlcInfo,plan_sss_debug_msgs/msg/StateSpaceSampleIlcInfo,0
10542,TBD,plan_sss_debug_msgs,msg,state_space_sample_vehicle_dyn,StateSpaceSampleVehicleDyn,plan_sss_debug_msgs/msg/StateSpaceSampleVehicleDyn,0
10543,TBD,localization_msgs,msg,acceleration,Acceleration,localization_msgs/msg/Acceleration,0
10544,TBD,localization_msgs,msg,matching_debug,MatchingDebug,localization_msgs/msg/MatchingDebug,1
10545,TBD,localization_msgs,msg,vision_attribution,VisionAttribution,localization_msgs/msg/VisionAttribution,0
10546,TBD,localization_msgs,msg,localization_raw,LocalizationRaw,localization_msgs/msg/LocalizationRaw,2
10547,TBD,localization_msgs,msg,localization_state_machine,LocalizationStateMachine,localization_msgs/msg/LocalizationStateMachine,0
10548,TBD,localization_msgs,msg,loc_iam,LocIam,localization_msgs/msg/LocIam,0
10549,TBD,localization_msgs,msg,loc_sat_info,LocSatInfo,localization_msgs/msg/LocSatInfo,0
10550,TBD,localization_msgs,msg,bias,Bias,localization_msgs/msg/Bias,0
10551,TBD,localization_msgs,msg,loc_quaternion,LocQuaternion,localization_msgs/msg/LocQuaternion,0
10552,TBD,localization_msgs,msg,matching_result,MatchingResult,localization_msgs/msg/MatchingResult,1
10553,TBD,localization_msgs,msg,hd_map,HDMap,localization_msgs/msg/HDMap,0
10554,TBD,localization_msgs,msg,velocity,Velocity,localization_msgs/msg/Velocity,0
10555,TBD,localization_msgs,msg,loc_pose,LocPose,localization_msgs/msg/LocPose,0
10556,TBD,localization_msgs,msg,localization,Localization,localization_msgs/msg/Localization,0
10557,TBD,localization_msgs,msg,ehp_input_info,EhpInputInfo,localization_msgs/msg/EhpInputInfo,1
10558,TBD,localization_msgs,msg,map_attribution,MapAttribution,localization_msgs/msg/MapAttribution,0
10559,TBD,localization_msgs,msg,object,Object,localization_msgs/msg/Object,0
10560,TBD,localization_msgs,msg,matching_lane_marking,MatchingLaneMarking,localization_msgs/msg/MatchingLaneMarking,0
10561,TBD,sensor_abstraction_msgs,msg,tsr,TSR,sensor_abstraction_msgs/msg/TSR,0
10562,TBD,sensor_abstraction_msgs,msg,tsr_info,TSRInfo,sensor_abstraction_msgs/msg/TSRInfo,1
10563,TBD,sensor_abstraction_msgs,msg,radar_object_array,RadarObjectArray,sensor_abstraction_msgs/msg/RadarObjectArray,5
10564,TBD,sensor_abstraction_msgs,msg,uss_raw,UssRaw,sensor_abstraction_msgs/msg/UssRaw,0
10565,TBD,sensor_abstraction_msgs,msg,tsr_pos,TSRPos,sensor_abstraction_msgs/msg/TSRPos,0
10566,TBD,sensor_abstraction_msgs,msg,sensor_state,SensorState,sensor_abstraction_msgs/msg/SensorState,0
10567,TBD,sensor_abstraction_msgs,msg,radar_object,RadarObject,sensor_abstraction_msgs/msg/RadarObject,0
10568,TBD,parking_planning_msgs,msg,path_plan_status,PathPlanStatus,parking_planning_msgs/msg/PathPlanStatus,1
10569,TBD,parking_planning_msgs,msg,parking_trajectory,ParkingTrajectory,parking_planning_msgs/msg/ParkingTrajectory,0
10570,TBD,parking_planning_msgs,msg,parking_trajectory_point,ParkingTrajectoryPoint,parking_planning_msgs/msg/ParkingTrajectoryPoint,0
10571,TBD,parking_planning_msgs,msg,parking_path,ParkingPath,parking_planning_msgs/msg/ParkingPath,1
10572,TBD,parking_planning_msgs,msg,parking_path_point,ParkingPathPoint,parking_planning_msgs/msg/ParkingPathPoint,0
10573,TBD,aebout_msgs,msg,ref_line_param,RefLineParam,aebout_msgs/msg/RefLineParam,0
10574,TBD,aebout_msgs,msg,obj_moving_prediction_array,ObjMovingPredictionArray,aebout_msgs/msg/ObjMovingPredictionArray,0
10575,TBD,aebout_msgs,msg,obj_property,ObjProperty,aebout_msgs/msg/ObjProperty,0
10576,TBD,aebout_msgs,msg,aeb_sigs_out,AebSigsOut,aebout_msgs/msg/AebSigsOut,0
10577,TBD,aebout_msgs,msg,aeb_fct_out,AebFctOut,aebout_msgs/msg/AebFctOut,0
10578,TBD,aebout_msgs,msg,aeb_dbg_data,AebDbgData,aebout_msgs/msg/AebDbgData,0
10579,TBD,aebout_msgs,msg,aeb_brk_output,AebBrkOutput,aebout_msgs/msg/AebBrkOutput,0
10580,TBD,aebout_msgs,msg,obj_moving_prediction,ObjMovingPrediction,aebout_msgs/msg/ObjMovingPrediction,0
10581,TBD,aebout_msgs,msg,obj_moving_prediction_index,ObjMovingPredictionIndex,aebout_msgs/msg/ObjMovingPredictionIndex,0
10582,TBD,aebout_msgs,msg,aeb_data,AebData,aebout_msgs/msg/AebData,0
10583,TBD,aebout_msgs,msg,driving_course_prediction,DrivingCoursePrediction,aebout_msgs/msg/DrivingCoursePrediction,0
10584,TBD,aebout_msgs,msg,aeb_sit_out,AebSitOut,aebout_msgs/msg/AebSitOut,0
10585,TBD,aebout_msgs,msg,aeb_hmi_output,AebHmiOutput,aebout_msgs/msg/AebHmiOutput,0
10586,TBD,pilot_perception_msg,msg,dpv_lane_point,DpvLanePoint,pilot_perception_msg/msg/DpvLanePoint,0
10587,TBD,pilot_perception_msg,msg,dpv_lane_instance,DpvLaneInstance,pilot_perception_msg/msg/DpvLaneInstance,1
10588,TBD,pilot_perception_msg,msg,mono3d_obj_list,Mono3dObjList,pilot_perception_msg/msg/Mono3dObjList,0
10589,TBD,pilot_perception_msg,msg,obstacles2d_info,Obstacles2dInfo,pilot_perception_msg/msg/Obstacles2dInfo,0
10590,TBD,pilot_perception_msg,msg,vision_decoding_info,VisionDecodingInfo,pilot_perception_msg/msg/VisionDecodingInfo,0
10591,TBD,pilot_perception_msg,msg,parsing_freespace_edge_list,ParsingFreespaceEdgeList,pilot_perception_msg/msg/ParsingFreespaceEdgeList,0
10592,TBD,pilot_perception_msg,msg,obstacles2d_rect,Obstacles2dRect,pilot_perception_msg/msg/Obstacles2dRect,0
10593,TBD,pilot_perception_msg,msg,parsing_lane_edge_list,ParsingLaneEdgeList,pilot_perception_msg/msg/ParsingLaneEdgeList,0
10594,TBD,pilot_perception_msg,msg,vision_obj_stage_age,VisionObjStageAge,pilot_perception_msg/msg/VisionObjStageAge,0
10595,TBD,pilot_perception_msg,msg,vision_decoding_obj_list_info,VisionDecodingObjListInfo,pilot_perception_msg/msg/VisionDecodingObjListInfo,0
10596,TBD,pilot_perception_msg,msg,parsing_freespace_edge,ParsingFreespaceEdge,pilot_perception_msg/msg/ParsingFreespaceEdge,0
10597,TBD,pilot_perception_msg,msg,vision_lane_mark_list,VisionLaneMarkList,pilot_perception_msg/msg/VisionLaneMarkList,1
10598,TBD,pilot_perception_msg,msg,vision_box_size,VisionBoxSize,pilot_perception_msg/msg/VisionBoxSize,0
10599,TBD,pilot_perception_msg,msg,mono3d_obj_decoding,Mono3dObjDecoding,pilot_perception_msg/msg/Mono3dObjDecoding,0
10600,TBD,pilot_perception_msg,msg,vision_fm_list_info,VisionFMListInfo,pilot_perception_msg/msg/VisionFMListInfo,0
10601,TBD,pilot_perception_msg,msg,obstacles2d_list,Obstacles2dList,pilot_perception_msg/msg/Obstacles2dList,0
10602,TBD,pilot_perception_msg,msg,bev_obj_decoding,BevObjDecoding,pilot_perception_msg/msg/BevObjDecoding,0
10603,TBD,pilot_perception_msg,msg,vision_obj_velocity,VisionObjVelocity,pilot_perception_msg/msg/VisionObjVelocity,0
10604,TBD,pilot_perception_msg,msg,vision_decoding_obj_info,VisionDecodingObjInfo,pilot_perception_msg/msg/VisionDecodingObjInfo,0
10605,TBD,pilot_perception_msg,msg,vision_fm,VisionFM,pilot_perception_msg/msg/VisionFM,0
10606,TBD,pilot_perception_msg,msg,vision_obj_acce,VisionObjAcce,pilot_perception_msg/msg/VisionObjAcce,0
10607,TBD,pilot_perception_msg,msg,obstacles_det,ObstaclesDet,pilot_perception_msg/msg/ObstaclesDet,2
10608,TBD,pilot_perception_msg,msg,mono3d_obj_coord,Mono3dObjCoord,pilot_perception_msg/msg/Mono3dObjCoord,0
10609,TBD,pilot_perception_msg,msg,per_road_edge,PerRoadEdge,pilot_perception_msg/msg/PerRoadEdge,0
10610,TBD,pilot_perception_msg,msg,objects_tlr_rect2f,ObjectsTlrRect2f,pilot_perception_msg/msg/ObjectsTlrRect2f,0
10611,TBD,pilot_perception_msg,msg,per_freespace_point,PerFreespacePoint,pilot_perception_msg/msg/PerFreespacePoint,0
10612,TBD,pilot_perception_msg,msg,vision_fm_list,VisionFMList,pilot_perception_msg/msg/VisionFMList,0
10613,TBD,pilot_perception_msg,msg,vision_obj_light_status,VisionObjLightStatus,pilot_perception_msg/msg/VisionObjLightStatus,0
10614,TBD,pilot_perception_msg,msg,parsing_road_edge_list,ParsingRoadEdgeList,pilot_perception_msg/msg/ParsingRoadEdgeList,0
10615,TBD,pilot_perception_msg,msg,parsing_lane_edge,ParsingLaneEdge,pilot_perception_msg/msg/ParsingLaneEdge,0
10616,TBD,pilot_perception_msg,msg,vision_obj_angle,VisionObjAngle,pilot_perception_msg/msg/VisionObjAngle,0
10617,TBD,pilot_perception_msg,msg,vision_obj,VisionObj,pilot_perception_msg/msg/VisionObj,0
10618,TBD,pilot_perception_msg,msg,vision_decoding,VisionDecoding,pilot_perception_msg/msg/VisionDecoding,0
10619,TBD,pilot_perception_msg,msg,feature_point,FeaturePoint,pilot_perception_msg/msg/FeaturePoint,0
10620,TBD,pilot_perception_msg,msg,vision_decoding_obj_rect,VisionDecodingObjRect,pilot_perception_msg/msg/VisionDecodingObjRect,0
10621,TBD,pilot_perception_msg,msg,lane_marker_info,LaneMarkerInfo,pilot_perception_msg/msg/LaneMarkerInfo,0
10622,TBD,pilot_perception_msg,msg,vision_obj_boundary,VisionObjBoundary,pilot_perception_msg/msg/VisionObjBoundary,0
10623,TBD,pilot_perception_msg,msg,obstacles2d_det,Obstacles2dDet,pilot_perception_msg/msg/Obstacles2dDet,1
10624,TBD,pilot_perception_msg,msg,mono3d_obj_rect,Mono3dObjRect,pilot_perception_msg/msg/Mono3dObjRect,0
10625,TBD,pilot_perception_msg,msg,road_edge_curve_function,RoadEdgeCurveFunction,pilot_perception_msg/msg/RoadEdgeCurveFunction,0
10626,TBD,pilot_perception_msg,msg,lane_seg,LaneSeg,pilot_perception_msg/msg/LaneSeg,0
10627,TBD,pilot_perception_msg,msg,vision_obj_coord,VisionObjCoord,pilot_perception_msg/msg/VisionObjCoord,0
10628,TBD,pilot_perception_msg,msg,vision_obj_list,VisionObjList,pilot_perception_msg/msg/VisionObjList,1
10629,TBD,pilot_perception_msg,msg,road_edge_point,RoadEdgePoint,pilot_perception_msg/msg/RoadEdgePoint,0
10630,TBD,pilot_perception_msg,msg,lane_marker_curve_function,LaneMarkerCurveFunction,pilot_perception_msg/msg/LaneMarkerCurveFunction,0
10631,TBD,pilot_perception_msg,msg,vision_road_edge_list,VisionRoadEdgeList,pilot_perception_msg/msg/VisionRoadEdgeList,0
10632,TBD,pilot_perception_msg,msg,vision_pilot_image_input,VisionPilotImageInput,pilot_perception_msg/msg/VisionPilotImageInput,0
10633,TBD,pilot_perception_msg,msg,vision_lane_age,VisionLaneAge,pilot_perception_msg/msg/VisionLaneAge,0
10634,TBD,pilot_perception_msg,msg,objects_tlr_det,ObjectsTlrDet,pilot_perception_msg/msg/ObjectsTlrDet,0
10635,TBD,pilot_perception_msg,msg,dpv_lane_info,DpvLaneInfo,pilot_perception_msg/msg/DpvLaneInfo,0
10636,TBD,pilot_perception_msg,msg,obstacles_info,ObstaclesInfo,pilot_perception_msg/msg/ObstaclesInfo,0
10637,TBD,pilot_perception_msg,msg,objects_tlr_info,ObjectsTlrInfo,pilot_perception_msg/msg/ObjectsTlrInfo,0
10638,TBD,pilot_perception_msg,msg,vision_pilot_lane_seg_input,VisionPilotLaneSegInput,pilot_perception_msg/msg/VisionPilotLaneSegInput,0
10639,TBD,pilot_perception_msg,msg,vision_parsing_list_info,VisionParsingListInfo,pilot_perception_msg/msg/VisionParsingListInfo,0
10640,TBD,pilot_perception_msg,msg,bev_obj,BevObj,pilot_perception_msg/msg/BevObj,0
10641,TBD,pilot_perception_msg,msg,bev_obj_list,BevObjList,pilot_perception_msg/msg/BevObjList,0
10642,TBD,pilot_perception_msg,msg,lane_marker_point,LaneMarkerPoint,pilot_perception_msg/msg/LaneMarkerPoint,0
10643,TBD,pilot_perception_msg,msg,vision_obj3_d_boundary,VisionObj3DBoundary,pilot_perception_msg/msg/VisionObj3DBoundary,0
10644,TBD,pilot_perception_msg,msg,parsing_frame_point,ParsingFramePoint,pilot_perception_msg/msg/ParsingFramePoint,0
10645,TBD,pilot_perception_msg,msg,mono3d_box_size,Mono3dBoxSize,pilot_perception_msg/msg/Mono3dBoxSize,0
10646,TBD,pilot_perception_msg,msg,mono3d_obj,Mono3dObj,pilot_perception_msg/msg/Mono3dObj,0
10647,TBD,pilot_perception_msg,msg,vision_free_space_list,VisionFreeSpaceList,pilot_perception_msg/msg/VisionFreeSpaceList,0
10648,TBD,pilot_perception_msg,msg,parsing_road_edge,ParsingRoadEdge,pilot_perception_msg/msg/ParsingRoadEdge,0
10649,TBD,pilot_ego_motion_msgs,msg,ego_motion_debug_info,EgoMotionDebugInfo,pilot_ego_motion_msgs/msg/EgoMotionDebugInfo,0
10650,TBD,pilot_ego_motion_msgs,msg,ego_motion_info,EgoMotionInfo,pilot_ego_motion_msgs/msg/EgoMotionInfo,1
10651,TBD,hpp_mapping_msgs,msg,vslam_mapping_failed,VSLAMMappingFailed,hpp_mapping_msgs/msg/VSLAMMappingFailed,0
10652,TBD,hpp_mapping_msgs,msg,vslam_mapping_start,VSLAMMappingStart,hpp_mapping_msgs/msg/VSLAMMappingStart,0
10653,TBD,hpp_image_process_msgs,msg,state,State,hpp_image_process_msgs/msg/State,0
10654,TBD,hpp_image_process_msgs,msg,channel_float32,ChannelFloat32,hpp_image_process_msgs/msg/ChannelFloat32,0
10655,TBD,hpp_image_process_msgs,msg,point32,Point32,hpp_image_process_msgs/msg/Point32,0
10656,TBD,hpp_image_process_msgs,msg,point_cloud,PointCloud,hpp_image_process_msgs/msg/PointCloud,0
10657,TBD,gnss_imu_msgs,msg,imu,Imu,gnss_imu_msgs/msg/Imu,1
10658,TBD,gnss_imu_msgs,msg,gps_time,GpsTime,gnss_imu_msgs/msg/GpsTime,0
10659,TBD,gnss_imu_msgs,msg,inspva,Inspva,gnss_imu_msgs/msg/Inspva,1
10660,TBD,gnss_imu_msgs,msg,gnss,Gnss,gnss_imu_msgs/msg/Gnss,1
10661,TBD,gnss_imu_msgs,msg,ins_iam,InsIam,gnss_imu_msgs/msg/InsIam,0
10662,TBD,gnss_imu_msgs,msg,sat_info,SatInfo,gnss_imu_msgs/msg/SatInfo,0
10663,TBD,prediction_msgs,msg,prediction_frenet_element_info,PredictionFrenetElementInfo,prediction_msgs/msg/PredictionFrenetElementInfo,0
10664,TBD,prediction_msgs,msg,prediction_traj,PredictionTraj,prediction_msgs/msg/PredictionTraj,0
10665,TBD,prediction_msgs,msg,prediction_profile,PredictionProfile,prediction_msgs/msg/PredictionProfile,0
10666,TBD,prediction_msgs,msg,pred_input_diag,PredInputDiag,prediction_msgs/msg/PredInputDiag,0
10667,TBD,prediction_msgs,msg,pred_ego_info,PredEgoInfo,prediction_msgs/msg/PredEgoInfo,0
10668,TBD,prediction_msgs,msg,prediction_info,PredictionInfo,prediction_msgs/msg/PredictionInfo,0
10669,TBD,prediction_msgs,msg,pred_map_info,PredMapInfo,prediction_msgs/msg/PredMapInfo,0
10670,TBD,prediction_msgs,msg,prediction_data,PredictionData,prediction_msgs/msg/PredictionData,1
10671,TBD,prediction_msgs,msg,prediction_feature_info,PredictionFeatureInfo,prediction_msgs/msg/PredictionFeatureInfo,0
10672,TBD,prediction_msgs,msg,pred_obj_track_corner_point,PredObjTrackCornerPoint,prediction_msgs/msg/PredObjTrackCornerPoint,0
10673,TBD,prediction_msgs,msg,pred_scenario_info,PredScenarioInfo,prediction_msgs/msg/PredScenarioInfo,0
10674,TBD,prediction_msgs,msg,pred_diag_info,PredDiagInfo,prediction_msgs/msg/PredDiagInfo,0
10675,TBD,prediction_msgs,msg,prediction_debug_data,PredictionDebugData,prediction_msgs/msg/PredictionDebugData,1
10676,TBD,navi_msgs,msg,speed_limit_board_plus,SpeedLimitBoardPlus,navi_msgs/msg/SpeedLimitBoardPlus,0
10677,TBD,navi_msgs,msg,sd_navi_geo_point_list,SdNaviGeoPointList,navi_msgs/msg/SdNaviGeoPointList,0
10678,TBD,navi_msgs,msg,tbt_guide_info_plus,TBTGuideInfoPlus,navi_msgs/msg/TBTGuideInfoPlus,0
10679,TBD,navi_msgs,msg,sd_navi_link_list,SdNaviLinkList,navi_msgs/msg/SdNaviLinkList,0
10680,TBD,navi_msgs,msg,connected_road_info,ConnectedRoadInfo,navi_msgs/msg/ConnectedRoadInfo,0
10681,TBD,navi_msgs,msg,sd_warn_board_sign,SDWarnBoardSign,navi_msgs/msg/SDWarnBoardSign,0
10682,TBD,navi_msgs,msg,interval_camera_plus,IntervalCameraPlus,navi_msgs/msg/IntervalCameraPlus,0
10683,TBD,navi_msgs,msg,guide_info,GuideInfo,navi_msgs/msg/GuideInfo,0
10684,TBD,navi_msgs,msg,lane_pair_list,LanePairList,navi_msgs/msg/LanePairList,0
10685,TBD,navi_msgs,msg,link_info,LinkInfo,navi_msgs/msg/LinkInfo,0
10686,TBD,navi_msgs,msg,first_tbt_guide_info_plus,FirstTBTGuideInfoPlus,navi_msgs/msg/FirstTBTGuideInfoPlus,0
10687,TBD,navi_msgs,msg,navi_destination,NaviDestination,navi_msgs/msg/NaviDestination,0
10688,TBD,navi_msgs,msg,toll_station_info,TollStationInfo,navi_msgs/msg/TollStationInfo,0
10689,TBD,navi_msgs,msg,spd_lmt_ele_eye_plus,SpdLmtEleEyePlus,navi_msgs/msg/SpdLmtEleEyePlus,0
10690,TBD,navi_msgs,msg,lat_long_coord,LatLongCoord,navi_msgs/msg/LatLongCoord,0
10691,TBD,navi_msgs,msg,lane_gudc_at_next_intscn,LaneGudcAtNextIntscn,navi_msgs/msg/LaneGudcAtNextIntscn,0
10692,TBD,navi_msgs,msg,traffic_camera,TrafficCamera,navi_msgs/msg/TrafficCamera,0
10693,TBD,navi_msgs,msg,construction_zone,ConstructionZone,navi_msgs/msg/ConstructionZone,0
10694,TBD,navi_msgs,msg,second_tbt_guide_info,SecondTBTGuideInfo,navi_msgs/msg/SecondTBTGuideInfo,0
10695,TBD,navi_msgs,msg,navigation_info_plus,NavigationInfoPlus,navi_msgs/msg/NavigationInfoPlus,1
10696,TBD,navi_msgs,msg,link_type_plus,LinkTypePlus,navi_msgs/msg/LinkTypePlus,0
10697,TBD,navi_msgs,msg,location,Location,navi_msgs/msg/Location,0
10698,TBD,navi_msgs,msg,warn_board_sign,WarnBoardSign,navi_msgs/msg/WarnBoardSign,0
10699,TBD,navi_msgs,msg,point_location_info_plus,PointLocationInfoPlus,navi_msgs/msg/PointLocationInfoPlus,0
10700,TBD,navi_msgs,msg,location_struct_plus,LocationStructPlus,navi_msgs/msg/LocationStructPlus,0
10701,TBD,navi_msgs,msg,navigation_info_es33,NavigationInfoES33,navi_msgs/msg/NavigationInfoES33,1
10702,TBD,navi_msgs,msg,traffic_jaminfo,TrafficJaminfo,navi_msgs/msg/TrafficJaminfo,0
10703,TBD,navi_msgs,msg,lane_guide_plus,LaneGuidePlus,navi_msgs/msg/LaneGuidePlus,0
10704,TBD,navi_msgs,msg,traffic_light,TrafficLight,navi_msgs/msg/TrafficLight,0
10705,TBD,navi_msgs,msg,sd_speed_limit_signal,SDSpeedLimitSignal,navi_msgs/msg/SDSpeedLimitSignal,0
10706,TBD,navi_msgs,msg,interval_camera,IntervalCamera,navi_msgs/msg/IntervalCamera,0
10707,TBD,navi_msgs,msg,second_tbt_guide_info_plus,SecondTBTGuideInfoPlus,navi_msgs/msg/SecondTBTGuideInfoPlus,0
10708,TBD,navi_msgs,msg,spd_lmt_ele_eye,SpdLmtEleEye,navi_msgs/msg/SpdLmtEleEye,0
10709,TBD,navi_msgs,msg,sd_semantic_signal,SdSemanticSignal,navi_msgs/msg/SdSemanticSignal,0
10710,TBD,navi_msgs,msg,lane_info_type,LaneInfoType,navi_msgs/msg/LaneInfoType,0
10711,TBD,navi_msgs,msg,first_tbt_guide_info,FirstTBTGuideInfo,navi_msgs/msg/FirstTBTGuideInfo,0
10712,TBD,navi_msgs,msg,geo_point_array_list_type,GeoPointArrayListType,navi_msgs/msg/GeoPointArrayListType,0
10713,TBD,parking_decision_msgs,msg,parking_process_dbg_data,ParkingProcessDbgData,parking_decision_msgs/msg/ParkingProcessDbgData,1
10714,TBD,parking_decision_msgs,msg,plan_request,PlanRequest,parking_decision_msgs/msg/PlanRequest,1
10715,TBD,parking_decision_msgs,msg,rout_slot,RoutSlot,parking_decision_msgs/msg/RoutSlot,0
10716,TBD,parking_decision_msgs,msg,rout_slots,RoutSlots,parking_decision_msgs/msg/RoutSlots,1
10717,TBD,parking_decision_msgs,msg,parking_process,ParkingProcess,parking_decision_msgs/msg/ParkingProcess,1
10718,TBD,deterministic_execution_msgs,msg,control_channel,ControlChannel,deterministic_execution_msgs/msg/ControlChannel,1
10719,TBD,deterministic_execution_msgs,msg,app_ready_info,AppReadyInfo,deterministic_execution_msgs/msg/AppReadyInfo,0
10720,TBD,navi_info_msgs,msg,nav_info,NavInfo,navi_info_msgs/msg/NavInfo,1
10721,TBD,parking_perception_msgs,msg,slots_fusion,SlotsFusion,parking_perception_msgs/msg/SlotsFusion,1
10722,TBD,parking_perception_msgs,msg,vision_slot_decoding_list,VisionSlotDecodingList,parking_perception_msgs/msg/VisionSlotDecodingList,1
10723,TBD,parking_perception_msgs,msg,debug_trackers,DebugTrackers,parking_perception_msgs/msg/DebugTrackers,0
10724,TBD,parking_perception_msgs,msg,fused_slots,FusedSlots,parking_perception_msgs/msg/FusedSlots,0
10725,TBD,parking_perception_msgs,msg,park_bev_obj_list,ParkBevObjList,parking_perception_msgs/msg/ParkBevObjList,0
10726,TBD,parking_perception_msgs,msg,park_bev_obj_decoding,ParkBevObjDecoding,parking_perception_msgs/msg/ParkBevObjDecoding,1
10727,TBD,parking_perception_msgs,msg,park_bev_obj,ParkBevObj,parking_perception_msgs/msg/ParkBevObj,0
10728,TBD,parking_perception_msgs,msg,debug_tracker,DebugTracker,parking_perception_msgs/msg/DebugTracker,0
10729,TBD,parking_perception_msgs,msg,slot_vertex,SlotVertex,parking_perception_msgs/msg/SlotVertex,0
10730,TBD,parking_perception_msgs,msg,vision_slot,VisionSlot,parking_perception_msgs/msg/VisionSlot,0
10731,TBD,parking_perception_msgs,msg,park_bev_freespace_decoding,ParkBevFreespaceDecoding,parking_perception_msgs/msg/ParkBevFreespaceDecoding,1
10732,TBD,parking_perception_msgs,msg,vision_slot_point2f,VisionSlotPoint2f,parking_perception_msgs/msg/VisionSlotPoint2f,0
10733,TBD,parking_control_msgs,msg,parking_vlc_stat_prop_dead_zone_ax_dbg,ParkingVlcStatPropDeadZoneAxDbg,parking_control_msgs/msg/ParkingVlcStatPropDeadZoneAxDbg,0
10734,TBD,parking_control_msgs,msg,parking_vlc_output,ParkingVlcOutput,parking_control_msgs/msg/ParkingVlcOutput,0
10735,TBD,parking_control_msgs,msg,trp_target_values_output_data_dbg,TrpTargetValuesOutputDataDbg,parking_control_msgs/msg/TrpTargetValuesOutputDataDbg,0
10736,TBD,parking_control_msgs,msg,parking_ctrl_debug,ParkingCtrlDebug,parking_control_msgs/msg/ParkingCtrlDebug,1
10737,TBD,parking_control_msgs,msg,parking_vlc_ec_dc_enable_dbg,ParkingVlcEcDcEnableDbg,parking_control_msgs/msg/ParkingVlcEcDcEnableDbg,0
10738,TBD,parking_control_msgs,msg,apa_pre_output_data_dbg,ApaPreOutputDataDbg,parking_control_msgs/msg/ApaPreOutputDataDbg,0
10739,TBD,parking_control_msgs,msg,lon_speed_ouput_data_dbg,LonSpeedOuputDataDbg,parking_control_msgs/msg/LonSpeedOuputDataDbg,0
10740,TBD,parking_control_msgs,msg,parking_vlc_drive_off_ctrl_dbg,ParkingVlcDriveOffCtrlDbg,parking_control_msgs/msg/ParkingVlcDriveOffCtrlDbg,0
10741,TBD,parking_control_msgs,msg,parking_lat_ctrl_dbg,ParkingLatCtrlDbg,parking_control_msgs/msg/ParkingLatCtrlDbg,0
10742,TBD,parking_control_msgs,msg,lon_trp_pre_output_data_dbg,LonTrpPreOutputDataDbg,parking_control_msgs/msg/LonTrpPreOutputDataDbg,0
10743,TBD,parking_control_msgs,msg,parking_vlc_preprocess_sm_dbg,ParkingVlcPreprocessSmDbg,parking_control_msgs/msg/ParkingVlcPreprocessSmDbg,0
10744,TBD,parking_control_msgs,msg,parking_vlc_ax_tar_cover_dbg,ParkingVlcAxTarCoverDbg,parking_control_msgs/msg/ParkingVlcAxTarCoverDbg,0
10745,TBD,parking_control_msgs,msg,parking_vlc_actuator_choice_dbg,ParkingVlcActuatorChoiceDbg,parking_control_msgs/msg/ParkingVlcActuatorChoiceDbg,0
10746,TBD,parking_control_msgs,msg,parking_vlc_output_dbg,ParkingVlcOutputDbg,parking_control_msgs/msg/ParkingVlcOutputDbg,0
10747,TBD,parking_control_msgs,msg,parking_lat_ctrl_output,ParkingLatCtrlOutput,parking_control_msgs/msg/ParkingLatCtrlOutput,0
10748,TBD,parking_control_msgs,msg,cldtrc_long_output_data_dbg,CLDTRCLongOutputDataDbg,parking_control_msgs/msg/CLDTRCLongOutputDataDbg,0
10749,TBD,parking_control_msgs,msg,parking_common_info_dbg,ParkingCommonInfoDbg,parking_control_msgs/msg/ParkingCommonInfoDbg,0
10750,TBD,parking_control_msgs,msg,apa_state_ctrl_output_data_dbg,ApaStateCtrlOutputDataDbg,parking_control_msgs/msg/ApaStateCtrlOutputDataDbg,0
10751,TBD,parking_control_msgs,msg,parking_vlc_ax_ctrl_cover_dbg,ParkingVlcAxCtrlCoverDbg,parking_control_msgs/msg/ParkingVlcAxCtrlCoverDbg,0
10752,TBD,parking_control_msgs,msg,behaviour_control_output_data_dbg,BehaviourControlOutputDataDbg,parking_control_msgs/msg/BehaviourControlOutputDataDbg,0
10753,TBD,parking_control_msgs,msg,parking_vlc_input_dbg,ParkingVlcInputDbg,parking_control_msgs/msg/ParkingVlcInputDbg,0
10754,TBD,parking_control_msgs,msg,cld_lon_switch_arb_output_data_dbg,CLDLonSwitchArbOutputDataDbg,parking_control_msgs/msg/CLDLonSwitchArbOutputDataDbg,0
10755,TBD,parking_control_msgs,msg,parking_vlc_body_ctrl,ParkingVlcBodyCtrl,parking_control_msgs/msg/ParkingVlcBodyCtrl,0
10756,TBD,parking_control_msgs,msg,parking_ctrl_output,ParkingCtrlOutput,parking_control_msgs/msg/ParkingCtrlOutput,1
10757,TBD,parking_control_msgs,msg,parking_gear_shift_ctrl_dbg,ParkingGearShiftCtrlDbg,parking_control_msgs/msg/ParkingGearShiftCtrlDbg,0
10758,TBD,parking_control_msgs,msg,parking_gear_shift_ctrl,ParkingGearShiftCtrl,parking_control_msgs/msg/ParkingGearShiftCtrl,0
10759,TBD,parking_control_msgs,msg,parking_lon_plan_dbg_data,ParkingLonPlanDbgData,parking_control_msgs/msg/ParkingLonPlanDbgData,0
10760,TBD,parking_control_msgs,msg,lon_distance_ouput_data_dbg,LonDistanceOuputDataDbg,parking_control_msgs/msg/LonDistanceOuputDataDbg,0
10761,TBD,parking_control_msgs,msg,parking_vlc_core_preprocess_dbg,ParkingVlcCorePreprocessDbg,parking_control_msgs/msg/ParkingVlcCorePreprocessDbg,0
10762,TBD,parking_control_msgs,msg,parking_ego_motion,ParkingEgoMotion,parking_control_msgs/msg/ParkingEgoMotion,0
10763,TBD,parking_control_msgs,msg,lon_planning_out,LonPlanningOut,parking_control_msgs/msg/LonPlanningOut,1
10764,TBD,parking_control_msgs,msg,parking_lon_ctrl_output,ParkingLonCtrlOutput,parking_control_msgs/msg/ParkingLonCtrlOutput,0
10765,TBD,parking_control_msgs,msg,parking_vlc_fx_tar_limit_debug_data,ParkingVLCFxTarLimitDebugData,parking_control_msgs/msg/ParkingVLCFxTarLimitDebugData,0
10766,TBD,parking_control_msgs,msg,parking_actuator_ctrl,ParkingActuatorCtrl,parking_control_msgs/msg/ParkingActuatorCtrl,0
10767,TBD,parking_control_msgs,msg,parking_lon_ctrl_dbg_data,ParkingLonCtrlDbgData,parking_control_msgs/msg/ParkingLonCtrlDbgData,0
10768,TBD,compressed_image_msgs,msg,compressed_image,CompressedImage,compressed_image_msgs/msg/CompressedImage,0
10769,TBD,parking_ego_motion_msgs,msg,zone_transform,ZoneTransform,parking_ego_motion_msgs/msg/ZoneTransform,0
10770,TBD,parking_ego_motion_msgs,msg,dr_result,DrResult,parking_ego_motion_msgs/msg/DrResult,2
10771,TBD,parking_ego_motion_msgs,msg,dr_delta_info,DrDeltaInfo,parking_ego_motion_msgs/msg/DrDeltaInfo,1
10772,TBD,parking_ego_motion_msgs,msg,zone_transform_stamped,ZoneTransformStamped,parking_ego_motion_msgs/msg/ZoneTransformStamped,2
