index,package,topic,level_1,level_2,.hpp,struct,msg_type,pub_count,sub_count,topic_header_flag
1,soa_pk_mapmanagement,/SOA/PK/MapManagement,soa_parking_msgs,msg,map_management,MapManagement,soa_parking_msgs/msg/MapManagement,1,0,True
2,soa_pk_diyparking,/SOA/PK/DIYParking,soa_parking_msgs,msg,soa_diy_parking,SoaDIYParking,soa_parking_msgs/msg/SoaDIYParking,1,0,True
3,soa_pk_diyparkingdirection,/SOA/PK/DIYParkingDirection,soa_parking_msgs,msg,soa_diy_parking_direction,SoaDIYParkingDirection,soa_parking_msgs/msg/SoaDIYParkingDirection,1,0,True
4,sa_vhm,/SA/Vhm,uss_msgs,msg,vhm,Vhm,uss_msgs/msg/Vhm,1,0,True
5,sa_ussstatus,/SA/UssStatus,uss_msgs,msg,uss_status,UssStatus,uss_msgs/msg/UssStatus,1,0,False
6,sa_upcodobslist,/SA/UpcodObsList,uss_msgs,msg,upcod_obs_list,UpcodObsList,uss_msgs/msg/UpcodObsList,1,0,True
7,sa_upcussraw,/SA/UpcUssRaw,uss_msgs,msg,upc_uss_raw,UpcUssRaw,uss_msgs/msg/UpcUssRaw,1,0,True
8,sa_upcparkingslots,/SA/UPCParkingSlots,uss_msgs,msg,upc_parking_slots,UPCParkingSlots,uss_msgs/msg/UPCParkingSlots,1,0,True
9,pk_des_parkingprocess,/PK/DES/ParkingProcess,parking_decision_msgs,msg,parking_process,ParkingProcess,parking_decision_msgs/msg/ParkingProcess,1,0,True
10,pk_des_planrequest,/PK/DES/PlanRequest,parking_decision_msgs,msg,plan_request,PlanRequest,parking_decision_msgs/msg/PlanRequest,1,0,True
11,pk_des_routslots,/PK/DES/RoutSlots,parking_decision_msgs,msg,rout_slots,RoutSlots,parking_decision_msgs/msg/RoutSlots,1,0,False
12,va_vehiclemotionipd,/VA/VehicleMotionIpd,vehicle_msgs,msg,vehicle_motion_ipd,VehicleMotionIpd,vehicle_msgs/msg/VehicleMotionIpd,1,2,True
13,va_hmiin_rviz,/VA/HmiIn/Rviz,vehicle_msgs,msg,vehicle_hmi,VehicleHMI,vehicle_msgs/msg/VehicleHMI,1,1,True
14,va_vehiclehmi,/VA/VehicleHMI,vehicle_msgs,msg,vehicle_hmi,VehicleHMI,vehicle_msgs/msg/VehicleHMI,1,0,True
15,va_vehiclestatusipd,/VA/VehicleStatusIpd,vehicle_msgs,msg,vehicle_status_ipd,VehicleStatusIpd,vehicle_msgs/msg/VehicleStatusIpd,1,1,True
16,hpp_vslam_mappingtoicm,/HPP/VSLAM/MappingToICM,hpp_mapping_msgs,msg,mapping_to_icm,MappingToICM,hpp_mapping_msgs/msg/MappingToICM,1,1,True
17,hpp_vslam_vslammappingfailed,/HPP/VSLAM/VSLAMMappingFailed,hpp_mapping_msgs,msg,vslam_mapping_failed,VSLAMMappingFailed,hpp_mapping_msgs/msg/VSLAMMappingFailed,1,1,True
18,hpp_vslam_vslammappingstart,/HPP/VSLAM/VSLAMMappingStart,hpp_mapping_msgs,msg,vslam_mapping_start,VSLAMMappingStart,hpp_mapping_msgs/msg/VSLAMMappingStart,1,1,True
19,pi_pl_trajectorysolverdebug,/PI/PL/TrajectorySolverDebug,pilot_planning_msgs,msg,trajectory_solver_debug,TrajectorySolverDebug,pilot_planning_msgs/msg/TrajectorySolverDebug,1,0,False
20,vcimremotereq,/VcimRemoteReq,proto_gateway_msgs,msg,vcim_remote_req,VcimRemoteReq,proto_gateway_msgs/msg/VcimRemoteReq,1,0,False
21,vcimlocalreqresp,/VcimLocalReqResp,proto_gateway_msgs,msg,vcim_local_req_resp,VcimLocalReqResp,proto_gateway_msgs/msg/VcimLocalReqResp,1,0,False
22,vcimlocalreqrespalgo,/VcimLocalReqRespAlgo,proto_gateway_msgs,msg,vcim_local_req_resp,VcimLocalReqResp,proto_gateway_msgs/msg/VcimLocalReqResp,1,0,False
23,sa_insiam,/SA/InsIAM,gnss_imu_msgs,msg,ins_iam,InsIam,gnss_imu_msgs/msg/InsIam,1,0,True
24,sa_gnss,/SA/GNSS,gnss_imu_msgs,msg,gnss,Gnss,gnss_imu_msgs/msg/Gnss,2,0,True
25,sa_inspva,/SA/INSPVA,gnss_imu_msgs,msg,inspva,Inspva,gnss_imu_msgs/msg/Inspva,2,3,True
26,sa_imu,/SA/IMU,gnss_imu_msgs,msg,imu,Imu,gnss_imu_msgs/msg/Imu,2,0,False
27,ehr_to_ehp_vehicle_info,/ehr/to_ehp_vehicle_info,hd_map_ehr_to_em_msgs,msg,ehr_to_ehp_vehicle_info,EhrToEhpVehicleInfo,hd_map_ehr_to_em_msgs/msg/EhrToEhpVehicleInfo,1,0,True
28,ehr_to_cus_guide_info,/ehr/to_cus_guide_info,hd_map_ehr_to_em_msgs,msg,ehr_to_cus_guide_info,EhrToCusGuideInfo,hd_map_ehr_to_em_msgs/msg/EhrToCusGuideInfo,1,0,True
29,ehr_to_soa_hd_status,/ehr/to_soa_hd_status,hd_map_ehr_to_em_msgs,msg,ehr_to_soahd_status,EhrToSOAHDStatus,hd_map_ehr_to_em_msgs/msg/EhrToSOAHDStatus,1,0,True
30,ehr_to_em_data,/ehr/to_em_data,hd_map_ehr_to_em_msgs,msg,ehr_to_em_data,EhrToEmData,hd_map_ehr_to_em_msgs/msg/EhrToEmData,1,0,True
31,ehr_to_ehp_hd_status,/ehr/to_ehp_hd_status,hd_map_ehr_to_em_msgs,msg,ehr_to_ehp_hd_status,EhrToEhpHDStatus,hd_map_ehr_to_em_msgs/msg/EhrToEhpHDStatus,1,0,True
32,soa_pi_trafficsafelist,/SOA/PI/TrafficSafeList,navi_msgs,msg,traffic_safe_list,TrafficSafeList,navi_msgs/msg/TrafficSafeList,1,0,True
33,soa_pi_trafficeventlist,/SOA/PI/TrafficEventList,navi_msgs,msg,traffic_event_list,TrafficEventList,navi_msgs/msg/TrafficEventList,1,0,True
34,navigationinfolinklist,/NavigationInfoLinkList,navi_msgs,msg,sd_navi_link_list,SdNaviLinkList,navi_msgs/msg/SdNaviLinkList,1,0,True
35,navigationinfo,/NavigationInfo,navi_msgs,msg,sd_semantic_signal,SdSemanticSignal,navi_msgs/msg/SdSemanticSignal,0,1,True
36,navigationinfogeopointlist,/NavigationInfoGeoPointList,navi_msgs,msg,sd_navi_geo_point_list,SdNaviGeoPointList,navi_msgs/msg/SdNaviGeoPointList,1,0,True
37,soa_pi_turnlist,/SOA/PI/TurnList,navi_msgs,msg,turn_list,TurnList,navi_msgs/msg/TurnList,1,0,True
38,soa_pi_navigationinfoes37,/SOA/PI/NavigationInfoES37,navi_msgs,msg,sd_semantic_signal_es37,SdSemanticSignalES37,navi_msgs/msg/SdSemanticSignalES37,1,0,True
39,pi_pd_predictiondldata,/PI/PD/PredictionDLData,prediction_msgs,msg,prediction_data,PredictionData,prediction_msgs/msg/PredictionData,2,1,True
40,pi_pd_predictiondata,/PI/PD/PredictionData,prediction_msgs,msg,prediction_data,PredictionData,prediction_msgs/msg/PredictionData,2,0,True
41,pi_pd_predictiondebug,/PI/PD/PredictionDebug,prediction_msgs,msg,prediction_debug_data,PredictionDebugData,prediction_msgs/msg/PredictionDebugData,1,0,True
42,safrontradarobject,/SAFrontRadarObject,sensor_abstraction_msgs,msg,radar_object_array,RadarObjectArray,sensor_abstraction_msgs/msg/RadarObjectArray,5,1,True
43,sasr5frontleftcornerradarobject,/SASR5FrontLeftCornerRadarObject,sensor_abstraction_msgs,msg,radar_object_array,RadarObjectArray,sensor_abstraction_msgs/msg/RadarObjectArray,5,1,True
44,sasr5frontrightcornerradarobject,/SASR5FrontRightCornerRadarObject,sensor_abstraction_msgs,msg,radar_object_array,RadarObjectArray,sensor_abstraction_msgs/msg/RadarObjectArray,5,1,True
45,sasr5rearleftcornerradarobject,/SASR5RearLeftCornerRadarObject,sensor_abstraction_msgs,msg,radar_object_array,RadarObjectArray,sensor_abstraction_msgs/msg/RadarObjectArray,5,1,True
46,sasr5rearrightcornerradarobject,/SASR5RearRightCornerRadarObject,sensor_abstraction_msgs,msg,radar_object_array,RadarObjectArray,sensor_abstraction_msgs/msg/RadarObjectArray,5,1,True
47,pk_dr_result,/PK/DR/Result,parking_ego_motion_msgs,msg,dr_result,DrResult,parking_ego_motion_msgs/msg/DrResult,1,1,True
48,pk_gt_dr_gt,/PK/GT/DR_GT,parking_ego_motion_msgs,msg,dr_result,DrResult,parking_ego_motion_msgs/msg/DrResult,1,0,True
49,pk_dr_deltainfo,/PK/DR/DeltaInfo,parking_ego_motion_msgs,msg,dr_delta_info,DrDeltaInfo,parking_ego_motion_msgs/msg/DrDeltaInfo,1,0,True
50,fl_lociam,/FL/LocIAM,localization_msgs,msg,loc_iam,LocIam,localization_msgs/msg/LocIam,1,0,True
51,soa_sdnavistsinfo,/SOA/SDNaviStsInfo,sd2hd_msgs,msg,sd_navi_sts_info,SDNaviStsInfo,sd2hd_msgs/msg/SDNaviStsInfo,1,0,True
52,soa_navideviceuuid,/SOA/NaviDeviceUUID,sd2hd_msgs,msg,navi_device_uuid,NaviDeviceUUID,sd2hd_msgs/msg/NaviDeviceUUID,1,0,True
53,soa_sdnavilinkinfo,/SOA/SDNaviLinkInfo,sd2hd_msgs,msg,sd_navi_link_info,SDNaviLinkInfo,sd2hd_msgs/msg/SDNaviLinkInfo,1,0,True
54,pi_pd_emhpc2dbg,/PI/PD/EmHpc2Dbg,em_msgs,msg,em_hpc2_dbg,EmHpc2Dbg,em_msgs/msg/EmHpc2Dbg,1,0,True
55,pi_pd_envmodel,/PI/PD/EnvModel,em_msgs,msg,em_data,EmData,em_msgs/msg/EmData,1,0,True
56,pp_em_emslamlocalizationpreview,/PP/EM/EmSlamLocalizationPreview,em_msgs,msg,em_slam_localization_preview,EmSlamLocalizationPreview,em_msgs/msg/EmSlamLocalizationPreview,1,0,True
57,pi_pd_envmodel4dlpred,/PI/PD/EnvModel4DLPred,em_msgs,msg,em_data4_dl_pred,EmData4DLPred,em_msgs/msg/EmData4DLPred,1,1,True
58,pp_em_emslamlocalizationicmdata,/PP/EM/EmSlamLocalizationIcmData,em_msgs,msg,em_slam_localization_icm_data,EmSlamLocalizationIcmData,em_msgs/msg/EmSlamLocalizationIcmData,1,0,True
59,pp_em_emslammappingicmdata,/PP/EM/EmSlamMappingIcmData,em_msgs,msg,em_slam_mapping_icm_data,EmSlamMappingIcmData,em_msgs/msg/EmSlamMappingIcmData,1,0,True
60,pi_pd_worldcondition,/PI/PD/WorldCondition,em_msgs,msg,world_condition,WorldCondition,em_msgs/msg/WorldCondition,1,0,True
61,pp_em_emslotsfusion,/PP/EM/EmSlotsFusion,em_msgs,msg,em_slots_fusion,EmSlotsFusion,em_msgs/msg/EmSlotsFusion,1,0,True
62,pi_soa_hmioutputes37,/PI/SOA/HMIOutputES37,pilot_hmi_es37_msgs,msg,hmi_es37,HmiES37,pilot_hmi_es37_msgs/msg/HmiES37,1,0,True
63,mapehp_slope,/MAPEHP/Slope,map_ehp_msgs,msg,slope,Slope,map_ehp_msgs/msg/Slope,1,0,True
64,mapehp_profctrl,/MAPEHP/ProfCtrl,map_ehp_msgs,msg,prof_ctrl,ProfCtrl,map_ehp_msgs/msg/ProfCtrl,1,0,True
65,mapehp_dynamictraffic,/MAPEHP/DynamicTraffic,map_ehp_msgs,msg,dynamic_traffic,DynamicTraffic,map_ehp_msgs/msg/DynamicTraffic,1,0,True
66,mapehp_dynamicmeteorology,/MAPEHP/DynamicMeteorology,map_ehp_msgs,msg,dynamic_meteorology,DynamicMeteorology,map_ehp_msgs/msg/DynamicMeteorology,1,0,True
67,mapehp_lanesgeometry,/MAPEHP/LanesGeometry,map_ehp_msgs,msg,lanes_geometry,LanesGeometry,map_ehp_msgs/msg/LanesGeometry,1,0,True
68,mapehp_globaldata,/MAPEHP/GlobalData,map_ehp_msgs,msg,global_data,GlobalData,map_ehp_msgs/msg/GlobalData,1,0,True
69,mapehp_laneconnectivity,/MAPEHP/LaneConnectivity,map_ehp_msgs,msg,lane_connectivity,LaneConnectivity,map_ehp_msgs/msg/LaneConnectivity,1,0,True
70,mapehp_dynamicemergency,/MAPEHP/DynamicEmergency,map_ehp_msgs,msg,dynamic_emergency,DynamicEmergency,map_ehp_msgs/msg/DynamicEmergency,1,0,True
71,mapehp_positionmsg,/MAPEHP/PositionMsg,map_ehp_msgs,msg,position_msg,PositionMsg,map_ehp_msgs/msg/PositionMsg,1,0,True
72,mapehp_noainfomsg,/MAPEHP/NoaInfoMsg,map_ehp_msgs,msg,noa_info_msg,NoaInfoMsg,map_ehp_msgs/msg/NoaInfoMsg,1,0,True
75,mapehp_geofence,/MAPEHP/GeoFence,map_ehp_msgs,msg,geo_fence,GeoFence,map_ehp_msgs/msg/GeoFence,1,0,True
76,mapehp_curvature,/MAPEHP/Curvature,map_ehp_msgs,msg,curvature,Curvature,map_ehp_msgs/msg/Curvature,1,0,True
77,mapehp_profilenode,/MAPEHP/ProfileNode,map_ehp_msgs,msg,profile_node,ProfileNode,map_ehp_msgs/msg/ProfileNode,1,0,True
78,mapehp_lanemodel,/MAPEHP/LaneModel,map_ehp_msgs,msg,lane_model,LaneModel,map_ehp_msgs/msg/LaneModel,1,0,True
79,mapehp_roadgeometry,/MAPEHP/RoadGeometry,map_ehp_msgs,msg,road_geometry,RoadGeometry,map_ehp_msgs/msg/RoadGeometry,1,0,True
80,mapehp_pathctrlmessage,/MAPEHP/PathCtrlMessage,map_ehp_msgs,msg,path_ctrl_message,PathCtrlMessage,map_ehp_msgs/msg/PathCtrlMessage,1,0,True
81,mapehp_objinfo,/MAPEHP/ObjInfo,map_ehp_msgs,msg,obj_info,ObjInfo,map_ehp_msgs/msg/ObjInfo,1,0,True
82,mapehp_dtcmsg,/MAPEHP/DtcMsg,map_ehp_msgs,msg,ehp_dtc_msg,EhpDtcMsg,map_ehp_msgs/msg/EhpDtcMsg,1,0,True
83,mapehp_mergepoint,/MAPEHP/MergePoint,map_ehp_msgs,msg,merge_point,MergePoint,map_ehp_msgs/msg/MergePoint,1,0,True
84,pi_vc_controltoplanningdata,/PI/VC/ControlToPlanningData,pilot_control_msgs,msg,control_to_planning_data,ControlToPlanningData,pilot_control_msgs/msg/ControlToPlanningData,1,0,True
85,pi_vc_longctrldebug,/PI/VC/LongCtrlDebug,pilot_control_msgs,msg,long_ctrl_debug,LongCtrlDebug,pilot_control_msgs/msg/LongCtrlDebug,1,0,True
86,pi_vc_pilotlonctrldbgdata,/PI/VC/PilotLonCtrlDbgData,pilot_control_msgs,msg,pilot_lon_ctrl_dbg_data,PilotLonCtrlDbgData,pilot_control_msgs/msg/PilotLonCtrlDbgData,0,0,True
87,pi_vc_lattrajectoryctrldebug,/PI/VC/LatTrajectoryCtrlDebug,pilot_control_msgs,msg,lat_trajectory_ctrl_debug,LatTrajectoryCtrlDebug,pilot_control_msgs/msg/LatTrajectoryCtrlDebug,1,0,True
88,pi_vc_latctrlyrcdebug,/PI/VC/LatCtrlYRCDebug,pilot_control_msgs,msg,lat_ctrl_yrc_debug,LatCtrlYRCDebug,pilot_control_msgs/msg/LatCtrlYRCDebug,1,0,True
89,ota_sotaconfigdata,/OTA/SotaConfigData,ota_service_msgs,msg,sota_config_data,SotaConfigData,ota_service_msgs/msg/SotaConfigData,1,1,True
90,pk_per_parsing,/PK/PER/Parsing,proto_horizon_msgs,msg,parsing,Parsing,proto_horizon_msgs/msg/Parsing,1,1,True
91,va_laneparsing,/VA/LaneParsing,proto_horizon_msgs,msg,parsing,Parsing,proto_horizon_msgs/msg/Parsing,4,0,True
92,va_parsing,/VA/Parsing,proto_horizon_msgs,msg,parsing,Parsing,proto_horizon_msgs/msg/Parsing,4,0,True
93,va_obstacles,/VA/Obstacles,proto_horizon_msgs,msg,obstacles,Obstacles,proto_horizon_msgs/msg/Obstacles,2,1,True
94,va_pk_obstacles,/VA/PK/Obstacles,proto_horizon_msgs,msg,obstacles,Obstacles,proto_horizon_msgs/msg/Obstacles,1,0,True
95,va_pedresult,/VA/PedResult,proto_horizon_msgs,msg,obstacles,Obstacles,proto_horizon_msgs/msg/Obstacles,3,0,True
96,va_vehicleresult,/VA/VehicleResult,proto_horizon_msgs,msg,obstacles,Obstacles,proto_horizon_msgs/msg/Obstacles,3,0,True
97,va_fusobjects,/VA/FusObjects,proto_horizon_msgs,msg,objects,Objects,proto_horizon_msgs/msg/Objects,4,3,True
98,va_objects,/VA/Objects,proto_horizon_msgs,msg,objects,Objects,proto_horizon_msgs/msg/Objects,4,0,True
99,va_lighttype,/VA/LightType,proto_horizon_msgs,msg,work_condition,WorkCondition,proto_horizon_msgs/msg/WorkCondition,3,1,True
100,va_weathertype,/VA/WeatherType,proto_horizon_msgs,msg,work_condition,WorkCondition,proto_horizon_msgs/msg/WorkCondition,3,1,True
101,va_fuslines,/VA/FusLines,proto_horizon_msgs,msg,fus_lines,FusLines,proto_horizon_msgs/msg/FusLines,4,2,True
102,va_camerapara,/VA/CameraPara,proto_horizon_msgs,msg,camera_para,CameraPara,proto_horizon_msgs/msg/CameraPara,3,1,True
103,lp_freespaces,/LP/Freespaces,proto_horizon_msgs,msg,freespaces,Freespaces,proto_horizon_msgs/msg/Freespaces,1,0,False
104,va_freespaces,/VA/Freespaces,proto_horizon_msgs,msg,freespaces,Freespaces,proto_horizon_msgs/msg/Freespaces,4,0,False
105,va_pk_freespaces,/VA/PK/Freespaces,proto_horizon_msgs,msg,freespaces,Freespaces,proto_horizon_msgs/msg/Freespaces,1,0,False
106,va_lines,/VA/Lines,proto_horizon_msgs,msg,lines,Lines,proto_horizon_msgs/msg/Lines,5,3,True
107,va_pk_slots,/VA/PK/Slots,proto_horizon_msgs,msg,slots,Slots,proto_horizon_msgs/msg/Slots,1,0,True
108,va_slots,/VA/Slots,proto_horizon_msgs,msg,slots,Slots,proto_horizon_msgs/msg/Slots,4,1,True
109,va_ihbc,/VA/IHBC,proto_horizon_msgs,msg,ihbc,IHBC,proto_horizon_msgs/msg/IHBC,3,1,True
110,mcu_funcstatus,/MCU/FuncStatus,mcuswc_msgs,msg,func_status,FuncStatus,mcuswc_msgs/msg/FuncStatus,1,0,True
111,pdc_pdcdebuginfo,/PDC/PdcDebugInfo,mcuswc_msgs,msg,pdc_debug_info,PdcDebugInfo,mcuswc_msgs/msg/PdcDebugInfo,1,0,True
112,pk_vc_parkingctrloutput,/PK/VC/ParkingCtrlOutput,parking_control_msgs,msg,parking_ctrl_output,ParkingCtrlOutput,parking_control_msgs/msg/ParkingCtrlOutput,1,0,True
113,pk_pl_lonplanning,/PK/PL/LonPlanning,parking_control_msgs,msg,lon_planning_out,LonPlanningOut,parking_control_msgs/msg/LonPlanningOut,2,0,True
114,pk_vc_lonplanningout,/PK/VC/LonPlanningOut,parking_control_msgs,msg,lon_planning_out,LonPlanningOut,parking_control_msgs/msg/LonPlanningOut,2,0,True
115,pk_vc_parkingctrldebug,/PK/VC/ParkingCtrlDebug,parking_control_msgs,msg,parking_ctrl_debug,ParkingCtrlDebug,parking_control_msgs/msg/ParkingCtrlDebug,1,0,False
116,pi_des_sitanalysis,/PI/DES/SitAnalysis,sit_message,msg,situation_analysis,SituationAnalysis,sit_message/msg/SituationAnalysis,1,0,True
117,pi_des_sitdebugdata,/PI/DES/SitDebugData,sit_message,msg,sit_debug_data,SitDebugData,sit_message/msg/SitDebugData,1,0,True
118,pk_pl_status,/PK/PL/Status,parking_planning_msgs,msg,path_plan_status,PathPlanStatus,parking_planning_msgs/msg/PathPlanStatus,1,0,True
119,pk_pl_plandebuginfo,/PK/PL/PlanDebugInfo,parking_planning_msgs,msg,parking_plan_debug,ParkingPlanDebug,parking_planning_msgs/msg/ParkingPlanDebug,1,0,True
120,pk_pl_path,/PK/PL/Path,parking_planning_msgs,msg,parking_path,ParkingPath,parking_planning_msgs/msg/ParkingPath,1,0,True
121,diag_diagcalcommand,/Diag/DiagCalCommand,diag_service_msgs,msg,diag_cal_command,DiagCalCommand,diag_service_msgs/msg/DiagCalCommand,2,1,False
122,diag_diaglidarcalcommand,/Diag/DiagLidarCalCommand,diag_service_msgs,msg,diag_cal_command,DiagCalCommand,diag_service_msgs/msg/DiagCalCommand,2,1,False
123,diag_diagexceptionset,/DIAG/DiagExceptionSet,diag_service_msgs,msg,diag_exception_set,DiagExceptionSet,diag_service_msgs/msg/DiagExceptionSet,1,0,False
124,diag_diaggenericcommandclient,/Diag/DiagGenericCommandClient,diag_service_msgs,msg,diag_generic_command,DiagGenericCommand,diag_service_msgs/msg/DiagGenericCommand,5,11,False
125,diag_diaggenericcommandgateway,/Diag/DiagGenericCommandGateway,diag_service_msgs,msg,diag_generic_command,DiagGenericCommand,diag_service_msgs/msg/DiagGenericCommand,5,0,False
126,diag_diaggenericcommandjaclient,/Diag/DiagGenericCommandJAClient,diag_service_msgs,msg,diag_generic_command,DiagGenericCommand,diag_service_msgs/msg/DiagGenericCommand,5,1,False
127,diag_diaggenericcommandjaserver,/Diag/DiagGenericCommandJAServer,diag_service_msgs,msg,diag_generic_command,DiagGenericCommand,diag_service_msgs/msg/DiagGenericCommand,5,1,False
128,diag_diaggenericcommandjbclient,/Diag/DiagGenericCommandJBClient,diag_service_msgs,msg,diag_generic_command,DiagGenericCommand,diag_service_msgs/msg/DiagGenericCommand,5,1,False
129,diag_diaggenericcommandjbserver,/Diag/DiagGenericCommandJBServer,diag_service_msgs,msg,diag_generic_command,DiagGenericCommand,diag_service_msgs/msg/DiagGenericCommand,5,1,False
130,diag_diaggenericcommandserver,/Diag/DiagGenericCommandServer,diag_service_msgs,msg,diag_generic_command,DiagGenericCommand,diag_service_msgs/msg/DiagGenericCommand,5,0,False
131,diag_diagcalresult,/Diag/DiagCalResult,diag_service_msgs,msg,diag_cal_result,DiagCalResult,diag_service_msgs/msg/DiagCalResult,2,1,False
132,diag_diaglidarcalresult,/Diag/DiagLidarCalResult,diag_service_msgs,msg,diag_cal_result,DiagCalResult,diag_service_msgs/msg/DiagCalResult,2,1,False
133,diag_diagcalsender,/Diag/DiagCalSender,diag_service_msgs,msg,diag_cal_sender,DiagCalSender,diag_service_msgs/msg/DiagCalSender,2,1,False
134,diag_diagfisheyecalsender,/Diag/DiagFisheyeCalSender,diag_service_msgs,msg,diag_cal_sender,DiagCalSender,diag_service_msgs/msg/DiagCalSender,2,0,False
135,diag_diagitcnotifyja,/Diag/DiagItcNotifyJA,diag_service_msgs,msg,diag_itc_notify,DiagItcNotify,diag_service_msgs/msg/DiagItcNotify,1,1,False
136,diag_diagitcnotifyjb,/Diag/DiagItcNotifyJB,diag_service_msgs,msg,diag_itc_notify,DiagItcNotify,diag_service_msgs/msg/DiagItcNotify,1,1,False
137,diag_diagcalreceiver,/Diag/DiagCalReceiver,diag_service_msgs,msg,diag_cal_receiver,DiagCalReceiver,diag_service_msgs/msg/DiagCalReceiver,1,1,False
138,diag_diagfisheyecalreceiver,/Diag/DiagFisheyeCalReceiver,diag_service_msgs,msg,diag_cal_receiver,DiagCalReceiver,diag_service_msgs/msg/DiagCalReceiver,0,1,False
139,hpp_vslam_localizationtoicm,/HPP/VSLAM/LocalizationToICM,hpp_localization_msgs,msg,localization_to_icm,LocalizationToICM,hpp_localization_msgs/msg/LocalizationToICM,1,1,True
140,pk_slotsfusion,/PK/SlotsFusion,parking_perception_msgs,msg,slots_fusion,SlotsFusion,parking_perception_msgs/msg/SlotsFusion,1,0,True
141,pk_per_fsdecodinglist,/PK/PER/FSDecodingList,parking_perception_msgs,msg,fs_decoding_list,FSDecodingList,parking_perception_msgs/msg/FSDecodingList,1,1,True
142,pk_per_fsdecodinglist1,/PK/PER/FSDecodingList1,parking_perception_msgs,msg,fs_decoding_list,FSDecodingList,parking_perception_msgs/msg/FSDecodingList,1,0,True
143,pi_pl_planningdata,/PI/PL/PlanningData,plan_algo_msgs,msg,planning_data,PlanningData,plan_algo_msgs/msg/PlanningData,1,0,True
144,aeb_hblanes,/AEB/HbLanes,aeb_msgs,msg,hb_lanes,HbLanes,aeb_msgs/msg/HbLanes,1,0,True
145,aeb_radarobjlist,/AEB/RadarObjList,aeb_msgs,msg,radar_obj_list,RadarObjList,aeb_msgs/msg/RadarObjList,1,0,True
146,aeb_horizonlines,/AEB/HorizonLines,aeb_msgs,msg,horizon_lines,HorizonLines,aeb_msgs/msg/HorizonLines,1,0,True
147,aeb_egomotioninfo,/AEB/EgoMotionInfo,aeb_msgs,msg,aeb_ego_motion_info_debug,AEBEgoMotionInfoDebug,aeb_msgs/msg/AEBEgoMotionInfoDebug,1,0,True
148,aeb_aebdebug,/AEB/AEBDebug,aeb_msgs,msg,aeb_debug,AEBDebug,aeb_msgs/msg/AEBDebug,1,0,True
149,aeb_fs_typeracamobjectvcc,/AEB/FS/TypeRaCamObjectVcc,aeb_msgs,msg,type_ra_cam_object_vcc,TypeRaCamObjectVcc,aeb_msgs/msg/TypeRaCamObjectVcc,1,0,True
150,aeb_aebflag,/AEB/AEBFlag,aeb_msgs,msg,aeb_flag,AEBFlag,aeb_msgs/msg/AEBFlag,1,0,True
151,aeb_fctinput,/AEB/FctInput,aeb_msgs,msg,fct_input,FctInput,aeb_msgs/msg/FctInput,1,0,False
152,aeb_hbobstacles,/AEB/HbObstacles,aeb_msgs,msg,hb_obstacles,HbObstacles,aeb_msgs/msg/HbObstacles,1,0,True
153,fs_fusionaebresult,/FS/FusionAEBResult,aeb_msgs,msg,aeb_result,AEBResult,aeb_msgs/msg/AEBResult,1,0,True
154,aeb_fs_typeracamroadvcc,/AEB/FS/TypeRaCamRoadVcc,aeb_msgs,msg,type_ra_cam_road_vcc,TypeRaCamRoadVcc,aeb_msgs/msg/TypeRaCamRoadVcc,1,0,True
155,aeb_horizonobstacles,/AEB/HorizonObstacles,aeb_msgs,msg,horizon_obstacles,HorizonObstacles,aeb_msgs/msg/HorizonObstacles,1,0,True
156,pi_fs_objtrackshorizon,/PI/FS/ObjTracksHorizon,per_fusion_msgs,msg,obj_tracks,ObjTracks,per_fusion_msgs/msg/ObjTracks,1,2,True
157,pk_fs_freespacesegments,/PK/FS/FreespaceSegments,per_fusion_msgs,msg,freespace_segments,FreespaceSegments,per_fusion_msgs/msg/FreespaceSegments,1,0,False
158,pk_segmentsfusion,/PK/SegmentsFusion,per_fusion_msgs,msg,freespace_segments,FreespaceSegments,per_fusion_msgs/msg/FreespaceSegments,1,0,False
159,pi_fs_lanemarkingshorizon,/PI/FS/LaneMarkingsHorizon,per_fusion_msgs,msg,lane_markings,LaneMarkings,per_fusion_msgs/msg/LaneMarkings,2,0,True
160,pi_fs_lanemarkingshorizondebug,/PI/FS/LaneMarkingsHorizonDebug,per_fusion_msgs,msg,lane_markings,LaneMarkings,per_fusion_msgs/msg/LaneMarkings,2,0,True
161,fs_fusionodresult,/FS/FusionODResult,per_fusion_msgs,msg,fusion_od_result,FusionODResult,per_fusion_msgs/msg/FusionODResult,1,0,True
162,sensor_frontwide,/Sensor/FrontWide,sensor_center_msgs,msg,outflow_state,OutflowState,sensor_center_msgs/msg/OutflowState,0,1,True
163,sensor_surroundviewfront,/Sensor/SurroundViewFront,sensor_center_msgs,msg,outflow_state,OutflowState,sensor_center_msgs/msg/OutflowState,0,1,True
164,sensor_surroundviewleft,/Sensor/SurroundViewLeft,sensor_center_msgs,msg,outflow_state,OutflowState,sensor_center_msgs/msg/OutflowState,0,1,True
165,sensor_surroundviewrear,/Sensor/SurroundViewRear,sensor_center_msgs,msg,outflow_state,OutflowState,sensor_center_msgs/msg/OutflowState,0,1,True
166,sensor_surroundviewright,/Sensor/SurroundViewRight,sensor_center_msgs,msg,outflow_state,OutflowState,sensor_center_msgs/msg/OutflowState,0,1,True
167,pk_cus_hmioutput,/PK/CUS/HMIOutput,cus_app_msgs,msg,parking_hmi_output,ParkingHMIOutput,cus_app_msgs/msg/ParkingHMIOutput,1,0,True
168,com_cus_commonhmi,/COM/CUS/CommonHMI,cus_app_msgs,msg,common_hmi,CommonHmi,cus_app_msgs/msg/CommonHmi,1,0,True
169,pk_cus_hmioutputes33,/PK/CUS/HMIOutputES33,cus_app_msgs,msg,parking_hmi_output_es33,ParkingHMIOutputES33,cus_app_msgs/msg/ParkingHMIOutputES33,1,0,True
170,pk_cus_targetslot,/PK/CUS/TargetSlot,cus_app_msgs,msg,apa_target,ApaTarget,cus_app_msgs/msg/ApaTarget,2,0,True
171,pk_des_targetslot,/PK/DES/TargetSlot,cus_app_msgs,msg,apa_target,ApaTarget,cus_app_msgs/msg/ApaTarget,2,0,True
172,pk_cus_intelligentswitch,/PK/CUS/IntelligentSwitch,cus_app_msgs,msg,intelligent_switch,IntelligentSwitch,cus_app_msgs/msg/IntelligentSwitch,1,6,False
173,pi_cus_hmioutputes33,/PI/CUS/HMIOutputES33,cus_app_msgs,msg,hmi_es33,HmiES33,cus_app_msgs/msg/HmiES33,1,0,True
174,fm_fctreq,/FM/FctReq,cus_app_msgs,msg,fct_actuation_request,FctActuationRequest,cus_app_msgs/msg/FctActuationRequest,1,5,True
175,pk_cus_diyparkingslotinfo,/PK/CUS/DIYParkingSlotInfo,cus_app_msgs,msg,diy_parking_slot_info,DIYParkingSlotInfo,cus_app_msgs/msg/DIYParkingSlotInfo,1,0,True
176,pp_cus_fctdebug,/PP/CUS/FctDebug,cus_app_msgs,msg,fct_debug,FctDebug,cus_app_msgs/msg/FctDebug,1,0,True
177,pi_eg_egomotioninfo,/PI/EG/EgoMotionInfo,pilot_ego_motion_msgs,msg,ego_motion_info,EgoMotionInfo,pilot_ego_motion_msgs/msg/EgoMotionInfo,1,2,True
